Model;Component Type;Component ID;Plant ID;Quantity;Date Installed;Serial Number;Short Name
SG132-3.65MW;Eolienne;LORO-T008;LORO;1;;100246718;LORO-T008
SG132-3.65MW;Eolienne;LORO-T009;LORO;1;;100246673;LORO-T009
SG132-3.65MW;Eolienne;LORO-T010;LORO;1;;100246672;LORO-T010
SG132-3.65MW;Eolienne;LORO-T011;LORO;1;;100246689;LORO-T011
SG132-3.65MW;Eolienne;LORO-T012;LORO;1;;100246688;LORO-T012
SG132-3.65MW;Eolienne;LORO-T013;LORO;1;;100246716;LORO-T013
N117-3.0MW;Eolienne;BVER-T003;BVER;1;;;BVER-T003
N117-3.0MW;Eolienne;BVER-T004;BVER;1;;;BVER-T004
N117-3.0MW;Eolienne;BVER-T005;BVER;1;;;BVER-T005
N117-3.0MW;Eolienne;BVER-T006;BVER;1;;;BVER-T006
V90-3.0MW;Eolienne;ALLA-T001;ALLA;1;01/06/2013;32745;ALLA-T001
V90-3.0MW;Eolienne;ALLA-T002;ALLA;1;01/06/2013;32750;ALLA-T002
V90-3.0MW;Eolienne;ALLA-T003;ALLA;1;01/06/2013;32746;ALLA-T003
V90-3.0MW;Eolienne;ALLA-T004;ALLA;1;01/06/2013;32748;ALLA-T004
N90-2.3MW - SS;Eolienne;AMEL-T001;AMEL;1;25/09/2008;NX80628;AMEL-T001
N90-2.3MW - SS;Eolienne;AMEL-T002;AMEL;1;25/09/2008;NX80629;AMEL-T002
N90-2.3MW - SS;Eolienne;AMEL-T003;AMEL;1;25/09/2008;NX80630;AMEL-T003
N90-2.3MW - SS;Eolienne;AMEL-T004;AMEL;1;25/09/2008;NX80631;AMEL-T004
N90-2.3MW - SS;Eolienne;AMEL-T005;AMEL;1;25/09/2008;NX80632;AMEL-T005
MM70-2.0MW;Eolienne;AUCO-T001;AUCO;1;22/12/2005;80124;AUCO-T001
MM70-2.0MW;Eolienne;AUCO-T002;AUCO;1;22/12/2005;80134;AUCO-T002
MM70-2.0MW;Eolienne;AUCO-T003;AUCO;1;22/12/2005;80133;AUCO-T003
MM70-2.0MW;Eolienne;AUCO-T004;AUCO;1;22/12/2005;80107;AUCO-T004
MM70-2.0MW;Eolienne;AUCO-T005;AUCO;1;22/12/2005;80135;AUCO-T005
MM70-2.0MW;Eolienne;AUCO-T011;AUCO;1;22/12/2005;80114;AUCO-T011
V80-2.0MW - MK7.2;Eolienne;AUM3-T001;AUM3;1;23/09/2014;202954;AUM3-T001
V80-2.0MW - MK7.2;Eolienne;AUM3-T002;AUM3;1;23/09/2014;202953;AUM3-T002
V80-2.0MW - MK7.2;Eolienne;AUM3-T003;AUM3;1;23/09/2014;202955;AUM3-T003
V80-2.0MW - MK7.2;Eolienne;AUM3-T004;AUM3;1;23/09/2014;202949;AUM3-T004
V80-2.0MW - MK7.2;Eolienne;AUM3-T005;AUM3;1;23/09/2014;202951;AUM3-T005
V80-2.0MW - MK7.2;Eolienne;AUM3-T006;AUM3;1;23/09/2014;202950;AUM3-T006
V80-2.0MW - MK7.2;Eolienne;AUM3-T007;AUM3;1;23/09/2014;202952;AUM3-T007
MM70-2.0MW;Eolienne;AUQB-T006;AUQB;1;14/12/2005;80079;AUQB-T006
MM70-2.0MW;Eolienne;AUQB-T007;AUQB;1;14/12/2005;80117;AUQB-T007
MM70-2.0MW;Eolienne;AUQB-T008;AUQB;1;14/12/2005;80116;AUQB-T008
MM70-2.0MW;Eolienne;AUQB-T009;AUQB;1;14/12/2005;80132;AUQB-T009
MM70-2.0MW;Eolienne;AUQB-T010;AUQB;1;14/12/2005;80118;AUQB-T010
G80-2.0MW;Eolienne;BAMB-T001;BAMB;1;20/12/2013;10995;BAMB-T001
G80-2.0MW;Eolienne;BAMB-T002;BAMB;1;20/12/2013;10992;BAMB-T002
G80-2.0MW;Eolienne;BAMB-T003;BAMB;1;20/12/2013;10986;BAMB-T003
G80-2.0MW;Eolienne;BAMB-T004;BAMB;1;20/12/2013;10996;BAMB-T004
G80-2.0MW;Eolienne;BAMB-T005;BAMB;1;20/12/2013;10991;BAMB-T005
G80-2.0MW;Eolienne;BAMB-T006;BAMB;1;20/12/2013;10985;BAMB-T006
E70-2.0MW;Eolienne;BARB-T001;BARB;1;27/11/2009;781830;BARB-T001
E70-2.0MW;Eolienne;BARB-T002;BARB;1;27/11/2009;781833;BARB-T002
E70-2.0MW;Eolienne;BARB-T003;BARB;1;27/11/2009;781834;BARB-T003
E70-2.0MW;Eolienne;BARB-T004;BARB;1;27/11/2009;781835;BARB-T004
E70-2.0MW;Eolienne;BARB-T005;BARB;1;27/11/2009;781836;BARB-T005
E70-2.0MW;Eolienne;BARB-T006;BARB;1;27/11/2009;781837;BARB-T006
V90-2.0MW - Mk7.4;Eolienne;BDBS-C001;BDBS;1;;216364;BDBS-C001
V90-2.0MW - Mk7.4;Eolienne;BDBS-C002;BDBS;1;;216365;BDBS-C002
V90-2.0MW - Mk7.4;Eolienne;BDBS-C003;BDBS;1;;216366;BDBS-C003
V90-2.0MW - Mk7.4;Eolienne;BDBS-C004;BDBS;1;;216367;BDBS-C004
V90-2.0MW - Mk7.4;Eolienne;BDBS-C005;BDBS;1;;216368;BDBS-C005
V90-2.0MW - Mk7.4;Eolienne;BDBS-GF01;BDBS;1;;216369;BDBS-GF01
V90-2.0MW - Mk7.4;Eolienne;BDBS-GF02;BDBS;1;;216370;BDBS-GF02
V90-2.0MW - Mk7.4;Eolienne;BDBS-GF03;BDBS;1;;216371;BDBS-GF03
V90-2.0MW - Mk7.4;Eolienne;BDBS-S001;BDBS;1;;216372;BDBS-S001
V90-2.0MW - Mk7.4;Eolienne;BDBS-S002;BDBS;1;;216373;BDBS-S002
N90-2.5MW - SS;Eolienne;BOUS-T001;BOUS;1;03/03/2008;NX80556;BOUS-T001
N90-2.5MW - SS;Eolienne;BOUS-T002;BOUS;1;03/03/2008;NX80557;BOUS-T002
N90-2.5MW - SS;Eolienne;BOUS-T003;BOUS;1;03/03/2008;NX80558;BOUS-T003
N90-2.5MW - SS;Eolienne;BOUS-T004;BOUS;1;03/03/2008;NX80559;BOUS-T004
G90-2.0MW;Eolienne;BRIY-T003;BRIY;1;08/05/2009;;BRIY-T003
G90-2.0MW;Eolienne;BRIY-T004;BRIY;1;08/05/2009;;BRIY-T004
G90-2.0MW;Eolienne;BRIY-T005;BRIY;1;08/05/2009;;BRIY-T005
E70-2.3MW;Eolienne;CAMB-T001;CAMB;1;01/01/2011;783021;CAMB-T001
E70-2.3MW;Eolienne;CAMB-T002;CAMB;1;01/01/2011;783022;CAMB-T002
E70-2.3MW;Eolienne;CAMB-T003;CAMB;1;01/01/2011;783023;CAMB-T003
E70-2.3MW;Eolienne;CAMB-T004;CAMB;1;01/01/2011;783024;CAMB-T004
E70-2.3MW;Eolienne;CAMB-T005;CAMB;1;01/01/2011;783025;CAMB-T005
V117-3.3MW;Eolienne;CARN-1T01;CARN;1;;217282;CARN-1T01
V117-3.3MW;Eolienne;CARN-2T02;CARN;1;;217283;CARN-2T02
V117-3.3MW;Eolienne;CARN-1T03;CARN;1;;217284;CARN-1T03
V117-3.3MW;Eolienne;CARN-2T04;CARN;1;;217285;CARN-2T04
V117-3.3MW;Eolienne;CARN-1T05;CARN;1;;217286;CARN-1T05
V117-3.3MW;Eolienne;CARN-2T06;CARN;1;;217287;CARN-2T06
E70-2.3MW;Eolienne;CASH-T001;CASH;1;23/09/2009;782170;CASH-T001
E70-2.3MW;Eolienne;CASH-T002;CASH;1;23/09/2009;782171;CASH-T002
E70-2.3MW;Eolienne;CASH-T003;CASH;1;23/09/2009;782172;CASH-T003
E70-2.3MW;Eolienne;CASH-T004;CASH;1;23/09/2009;782173;CASH-T004
E70-2.3MW;Eolienne;CASH-T005;CASH;1;23/09/2009;782174;CASH-T005
V90-3.0MW;Eolienne;CDBO-ND01;CDBO;1;01/05/2006;32738;CDBO-ND01
V90-3.0MW;Eolienne;CDBO-ND02;CDBO;1;01/05/2006;32737;CDBO-ND02
V90-3.0MW;Eolienne;CDBO-ND03;CDBO;1;01/05/2006;32739;CDBO-ND03
V90-3.0MW;Eolienne;CDBO-ND04;CDBO;1;01/05/2006;32742;CDBO-ND04
V90-3.0MW;Eolienne;CDBO-V001;CDBO;1;01/05/2006;32740;CDBO-V001
V90-3.0MW;Eolienne;CDBO-V002;CDBO;1;01/05/2006;32741;CDBO-V002
V90-3.0MW;Eolienne;CDBO-V003;CDBO;1;01/05/2006;32735;CDBO-V003
V90-3.0MW;Eolienne;CDBO-V004;CDBO;1;01/05/2006;32736;CDBO-V004
MM82-2.0MW;Eolienne;CEFF-T001;CEFF;1;01/06/2006;80223;CEFF-T001
MM82-2.0MW;Eolienne;CEFF-T002;CEFF;1;01/06/2006;80228;CEFF-T002
MM82-2.0MW;Eolienne;CEFF-T003;CEFF;1;01/06/2006;80229;CEFF-T003
MM82-2.0MW;Eolienne;CEFF-T004;CEFF;1;01/06/2006;80222;CEFF-T004
MM82-2.0MW;Eolienne;CEFF-T005;CEFF;1;01/06/2006;80220;CEFF-T005
MM92-2.05MW;Eolienne;CHAB-T011;CHAB;1;22/11/2008;90226;CHAB-T011
MM92-2.05MW;Eolienne;CHAB-T012;CHAB;1;22/11/2008;90227;CHAB-T012
MM92-2.05MW;Eolienne;CHAB-T013;CHAB;1;22/11/2008;90222;CHAB-T013
MM92-2.05MW;Eolienne;CHAB-T014;CHAB;1;22/11/2008;90223;CHAB-T014
MM92-2.05MW;Eolienne;CHAB-T015;CHAB;1;22/11/2008;90224;CHAB-T015
MM92-2.05MW;Eolienne;CHAB-T016;CHAB;1;22/11/2008;90225;CHAB-T016
MM92-2.05MW;Eolienne;CHAB-T017;CHAB;1;22/11/2008;90229;CHAB-T017
MM92-2.05MW;Eolienne;CHAB-T021;CHAB;1;22/11/2008;90230;CHAB-T021
MM92-2.05MW;Eolienne;CHAB-T022;CHAB;1;22/11/2008;90236;CHAB-T022
MM92-2.05MW;Eolienne;CHAB-T023;CHAB;1;22/11/2008;90237;CHAB-T023
MM92-2.05MW;Eolienne;CHAB-T024;CHAB;1;22/11/2008;90265;CHAB-T024
MM92-2.05MW;Eolienne;CHAB-T025;CHAB;1;22/11/2008;90238;CHAB-T025
MM92-2.05MW;Eolienne;CHAB-T026;CHAB;1;22/11/2008;90380;CHAB-T026
MM92-2.05MW;Eolienne;CHAB-T027;CHAB;1;22/11/2008;90258;CHAB-T027
MM92-2.05MW;Eolienne;CHAB-T031;CHAB;1;22/11/2008;90266;CHAB-T031
MM92-2.05MW;Eolienne;CHAB-T032;CHAB;1;22/11/2008;90267;CHAB-T032
MM92-2.05MW;Eolienne;CHAB-T033;CHAB;1;22/11/2008;90379;CHAB-T033
MM92-2.05MW;Eolienne;CHAB-T034;CHAB;1;22/11/2008;90381;CHAB-T034
MM92-2.05MW;Eolienne;CHAB-T035;CHAB;1;22/11/2008;90239;CHAB-T035
MM92-2.05MW;Eolienne;CHAB-T036;CHAB;1;22/11/2008;90373;CHAB-T036
MM92-2.05MW;Eolienne;CHAB-T041;CHAB;1;22/11/2008;90378;CHAB-T041
MM92-2.05MW;Eolienne;CHAB-T042;CHAB;1;22/11/2008;90384;CHAB-T042
MM92-2.05MW;Eolienne;CHAB-T043;CHAB;1;22/11/2008;90385;CHAB-T043
MM92-2.05MW;Eolienne;CHAB-T044;CHAB;1;22/11/2008;90386;CHAB-T044
MM92-2.05MW;Eolienne;CHAB-T045;CHAB;1;22/11/2008;90387;CHAB-T045
MM92-2.05MW;Eolienne;CHAB-T046;CHAB;1;22/11/2008;90410;CHAB-T046
V126-3.3MW;Eolienne;CHPI-T001;CHPI;1;08/11/2017;217288;CHPI-T001
V126-3.3MW;Eolienne;CHPI-T002;CHPI;1;08/11/2017;217289;CHPI-T002
V126-3.3MW;Eolienne;CHPI-T003;CHPI;1;08/11/2017;217290;CHPI-T003
V126-3.3MW;Eolienne;CHPI-T004;CHPI;1;08/11/2017;217291;CHPI-T004
V126-3.3MW;Eolienne;CHPI-T005;CHPI;1;08/11/2017;217292;CHPI-T005
V126-3.3MW;Eolienne;CHPI-T006;CHPI;1;08/11/2017;217293;CHPI-T006
V126-3.3MW;Eolienne;CHPI-T007;CHPI;1;08/11/2017;217294;CHPI-T007
V126-3.3MW;Eolienne;CHPI-T008;CHPI;1;08/11/2017;217295;CHPI-T008
V126-3.3MW;Eolienne;CHPI-T009;CHPI;1;08/11/2017;217296;CHPI-T009
V126-3.3MW;Eolienne;CHPI-T011;CHPI;1;08/11/2017;217297;CHPI-T011
V126-3.3MW;Eolienne;CHPI-T012;CHPI;1;08/11/2017;217298;CHPI-T012
V126-3.3MW;Eolienne;CHPI-T013;CHPI;1;08/11/2017;217299;CHPI-T013
V126-3.3MW;Eolienne;CHPI-T014;CHPI;1;08/11/2017;217300;CHPI-T014
V126-3.3MW;Eolienne;CHPI-T015;CHPI;1;08/11/2017;217301;CHPI-T015
V126-3.3MW;Eolienne;CHPI-T016;CHPI;1;08/11/2017;217302;CHPI-T016
V126-3.3MW;Eolienne;CHPI-T017;CHPI;1;08/11/2017;217303;CHPI-T017
V126-3.3MW;Eolienne;CHPI-T018;CHPI;1;08/11/2017;217304;CHPI-T018
V126-3.3MW;Eolienne;CHPI-T019;CHPI;1;08/11/2017;217305;CHPI-T019
V126-3.3MW;Eolienne;CHPI-T020;CHPI;1;08/11/2017;217306;CHPI-T020
V126-3.3MW;Eolienne;CHPI-T021;CHPI;1;08/11/2017;217307;CHPI-T021
V126-3.3MW;Eolienne;CHPI-T022;CHPI;1;08/11/2017;217308;CHPI-T022
V126-3.3MW;Eolienne;CHPI-T023;CHPI;1;08/11/2017;217309;CHPI-T023
V90-2.0MW - Mk7.4;Eolienne;CLA2-T007;CLA2;1;01/12/2014;205382;CLA2-T007
V90-2.0MW - Mk7.4;Eolienne;CLA2-T009;CLA2;1;01/12/2014;205383;CLA2-T009
ECO80-1.67MW;Eolienne;CLAM-T001;CLAM;1;01/11/2008;CLAE1;CLAM-T001
ECO80-1.67MW;Eolienne;CLAM-T002;CLAM;1;01/11/2008;CLAE2;CLAM-T002
ECO80-1.67MW;Eolienne;CLAM-T003;CLAM;1;01/11/2008;CLAE3;CLAM-T003
ECO80-1.67MW;Eolienne;CLAM-T004;CLAM;1;01/11/2008;CLAE4;CLAM-T004
ECO80-1.67MW;Eolienne;CLAM-T005;CLAM;1;01/11/2008;CLAE5;CLAM-T005
ECO80-1.67MW;Eolienne;CLAM-T006;CLAM;1;01/11/2008;CLAE6;CLAM-T006
V100-2.2MW;Eolienne;CLAN-1T01;CLAN;1;;224063;CLAN-1T01
V100-2.2MW;Eolienne;CLAN-1T02;CLAN;1;;224064;CLAN-1T02
V100-2.2MW;Eolienne;CLAN-1T03;CLAN;1;;224065;CLAN-1T03
V100-2.2MW;Eolienne;CLAN-2T04;CLAN;1;;224066;CLAN-2T04
V100-2.2MW;Eolienne;CLAN-2T05;CLAN;1;;224067;CLAN-2T05
V100-2.2MW;Eolienne;CLAN-2T06;CLAN;1;;224068;CLAN-2T06
V47-660kW;Eolienne;CLIT-T001;CLIT;1;19/04/2005;20182;CLIT-T001
V47-660kW;Eolienne;CLIT-T002;CLIT;1;19/04/2005;20183;CLIT-T002
V47-660kW;Eolienne;CLIT-T003;CLIT;1;19/04/2005;20184;CLIT-T003
V47-660kW;Eolienne;CLIT-T004;CLIT;1;19/04/2005;20185;CLIT-T004
V47-660kW;Eolienne;CLIT-T006;CLIT;1;19/04/2005;20186;CLIT-T006
E70-2.3MW;Eolienne;CONI-T001;CONI;1;01/04/2014;784359;CONI-T001
E70-2.3MW;Eolienne;CONI-T002;CONI;1;01/04/2014;784360;CONI-T002
E70-2.3MW;Eolienne;CONI-T003;CONI;1;01/04/2014;784361;CONI-T003
E70-2.3MW;Eolienne;CONI-T004;CONI;1;01/04/2014;784362;CONI-T004
E40-600kW;Eolienne;CORS-T001;CORS;1;;441702;CORS-T001
E40-600kW;Eolienne;CORS-T002;CORS;1;;441703;CORS-T002
E40-600kW;Eolienne;CORS-T003;CORS;1;;441704;CORS-T003
E40-600kW;Eolienne;CORS-T004;CORS;1;;441705;CORS-T004
E40-600kW;Eolienne;CORS-T005;CORS;1;;441706;CORS-T005
E40-600kW;Eolienne;CORS-T006;CORS;1;;441707;CORS-T006
E40-600kW;Eolienne;CORS-T007;CORS;1;;441708;CORS-T007
E40-600kW;Eolienne;CORS-T008;CORS;1;;441709;CORS-T008
E40-600kW;Eolienne;CORS-T009;CORS;1;;441710;CORS-T009
E40-600kW;Eolienne;CORS-T010;CORS;1;;441711;CORS-T010
N90-2.3MW - LS;Eolienne;COUR-T001;COUR;1;18/03/2008;NX8417;COUR-T001
N90-2.3MW - LS;Eolienne;COUR-T002;COUR;1;18/03/2008;NX8414;COUR-T002
N90-2.3MW - LS;Eolienne;COUR-T003;COUR;1;18/03/2008;NX8413;COUR-T003
N90-2.3MW - LS;Eolienne;COUR-T004;COUR;1;18/03/2008;NX8416;COUR-T004
N90-2.3MW - LS;Eolienne;COUR-T005;COUR;1;18/03/2008;NX8415;COUR-T005
V100-2.0MW;Eolienne;CPE1-T001;CPEX;1;01/10/2016;210459;CPE1-T001
V100-2.0MW;Eolienne;CPE1-T002;CPEX;1;01/10/2016;210460;CPE1-T002
V100-2.0MW;Eolienne;CPE1-T003;CPEX;1;01/10/2016;210461;CPE1-T003
V100-2.0MW;Eolienne;CPE1-T004;CPEX;1;01/10/2016;210462;CPE1-T004
V100-2.0MW;Eolienne;CPE1-T005;CPEX;1;01/10/2016;210463;CPE1-T005
V100-2.0MW;Eolienne;CPE2-T006;CPEX;1;01/10/2016;210464;CPE2-T006
V100-2.0MW;Eolienne;CPE2-T007;CPEX;1;01/10/2016;210465;CPE2-T007
V100-2.0MW;Eolienne;CPE2-T008;CPEX;1;01/10/2016;210466;CPE2-T008
V100-2.0MW;Eolienne;CPE2-T009;CPEX;1;01/10/2016;210467;CPE2-T009
N90-2.3MW - SS;Eolienne;ERIZ-T001;ERIZ;1;17/12/2008;NX80582;ERIZ-T001
N90-2.3MW - SS;Eolienne;ERIZ-T002;ERIZ;1;17/12/2008;NX80581;ERIZ-T002
N90-2.3MW - SS;Eolienne;ERIZ-T003;ERIZ;1;17/12/2008;NX80583;ERIZ-T003
N90-2.3MW - SS;Eolienne;ERIZ-T004;ERIZ;1;17/12/2008;NX80580;ERIZ-T004
N90-2.3MW - SS;Eolienne;ERIZ-T005;ERIZ;1;17/12/2008;NX80579;ERIZ-T005
N117-3.6MW - K08 delta;Eolienne;ESPS-T001;ESPS;1;;85760;ESPS-T001
N117-3.6MW - K08 delta;Eolienne;ESPS-T002;ESPS;1;;85761;ESPS-T002
N117-3.6MW - K08 delta;Eolienne;ESPS-T003;ESPS;1;;85762;ESPS-T003
N117-3.6MW - K08 delta;Eolienne;ESPS-T004;ESPS;1;;85763;ESPS-T004
N117-3.6MW - K08 delta;Eolienne;ESPS-T005;ESPS;1;;85764;ESPS-T005
NM52-900kW;Eolienne;FECA-T001;FECA;1;01/06/2006;23263;FECA-T001
NM52-900kW;Eolienne;FECA-T002;FECA;1;01/06/2006;23264;FECA-T002
NM52-900kW;Eolienne;FECA-T003;FECA;1;01/06/2006;23265;FECA-T003
NM52-900kW;Eolienne;FECA-T004;FECA;1;01/06/2006;23266;FECA-T004
NM52-900kW;Eolienne;FECA-T005;FECA;1;01/06/2006;23267;FECA-T005
E70-2.3MW;Eolienne;FIEN-T001;FIEN;1;02/06/2009;782317;FIEN-T001
E70-2.3MW;Eolienne;FIEN-T002;FIEN;1;02/06/2009;782318;FIEN-T002
E70-2.3MW;Eolienne;FIEN-T003;FIEN;1;02/06/2009;782319;FIEN-T003
E70-2.3MW;Eolienne;FIEN-T004;FIEN;1;02/06/2009;782320;FIEN-T004
E70-2.3MW;Eolienne;FIEN-T005;FIEN;1;02/06/2009;782321;FIEN-T005
N60-1.3MW;Eolienne;FITO-T001;FITO;1;01/06/2006;NX1682;FITO-T001
N60-1.3MW;Eolienne;FITO-T002;FITO;1;01/06/2006;NX1655;FITO-T002
N60-1.3MW;Eolienne;FITO-T003;FITO;1;01/06/2006;NX1656;FITO-T003
N60-1.3MW;Eolienne;FITO-T004;FITO;1;01/06/2006;NX1653;FITO-T004
N60-1.3MW;Eolienne;FITO-T005;FITO;1;01/06/2006;NX1654;FITO-T005
N60-1.3MW;Eolienne;FITO-T006;FITO;1;01/06/2006;NX1657;FITO-T006
N60-1.3MW;Eolienne;FITO-T007;FITO;1;01/06/2006;NX1658;FITO-T007
N60-1.3MW;Eolienne;FITO-T008;FITO;1;01/06/2006;NX1659;FITO-T008
N60-1.3MW;Eolienne;FITO-T009;FITO;1;01/06/2006;NX1660;FITO-T009
E70-2.3MW;Eolienne;FRA1-T001;FRA1;1;16/05/2012;783493;FRA1-T001
E70-2.3MW;Eolienne;FRA1-T002;FRA1;1;16/05/2012;783494;FRA1-T002
E70-2.3MW;Eolienne;FRA2-T001;FRA2;1;16/05/2012;783492;FRA2-T001
E70-2.3MW;Eolienne;FRA2-T002;FRA2;1;16/05/2012;783495;FRA2-T002
E70-2.3MW;Eolienne;FRA2-T003;FRA2;1;16/05/2012;783496;FRA2-T003
V80-2.0MW;Eolienne;FREY-T006;FREY;1;;23112;FREY-T006
V80-2.0MW;Eolienne;FREY-T002;FREY;1;;23108;FREY-T002
V80-2.0MW;Eolienne;FREY-T003;FREY;1;;23109;FREY-T003
V80-2.0MW;Eolienne;FREY-T004;FREY;1;;23110;FREY-T004
V80-2.0MW;Eolienne;FREY-T005;FREY;1;;23111;FREY-T005
E82-2.3MW;Eolienne;GAR1-T001;GAR1;1;01/10/2011;823199;GAR1-T001
E82-2.3MW;Eolienne;GAR1-T002;GAR1;1;01/10/2011;823200;GAR1-T002
E82-2.3MW;Eolienne;GAR1-T003;GAR1;1;01/10/2011;823201;GAR1-T003
E82-2.3MW;Eolienne;GAR1-T004;GAR1;1;01/10/2011;823202;GAR1-T004
E82-2.3MW;Eolienne;GAR2-T001;GAR2;1;01/10/2011;823207;GAR2-T001
E82-2.3MW;Eolienne;GAR2-T002;GAR2;1;01/10/2011;823208;GAR2-T002
E82-2.3MW;Eolienne;GAR2-T003;GAR2;1;01/10/2011;823209;GAR2-T003
E82-2.3MW;Eolienne;GAR2-T004;GAR2;1;01/10/2011;823210;GAR2-T004
G90-2.0MW;Eolienne;GRPL-T001;GRPL;1;31/10/2010;;GRPL-T001
G90-2.0MW;Eolienne;GRPL-T002;GRPL;1;31/10/2010;;GRPL-T002
G90-2.0MW;Eolienne;GRPL-T003;GRPL;1;31/10/2010;;GRPL-T003
G90-2.0MW;Eolienne;GRPL-T004;GRPL;1;31/10/2010;;GRPL-T004
G90-2.0MW;Eolienne;GRPL-T005;GRPL;1;31/10/2010;;GRPL-T005
G90-2.0MW;Eolienne;GRPL-T006;GRPL;1;31/10/2010;;GRPL-T006
N100-3.3MW - K08 delta;Eolienne;GUIL-T001;GUIL;1;30/09/2018;85765;GUIL-T001
N117-3.6MW - K08 delta;Eolienne;GUIL-T002;GUIL;1;30/09/2018;85766;GUIL-T002
N117-3.6MW - K08 delta;Eolienne;GUIL-T003;GUIL;1;30/09/2018;85767;GUIL-T003
N117-3.6MW - K08 delta;Eolienne;GUIL-T004;GUIL;1;30/09/2018;85768;GUIL-T004
N117-3.6MW - K08 delta;Eolienne;GUIL-T005;GUIL;1;30/09/2018;85769;GUIL-T005
SWT-3.0-101;Eolienne;HAB1-T004;HAB1;1;01/11/2015;3000811;HAB1-T004
SWT-3.0-101;Eolienne;HAB1-T005;HAB1;1;01/11/2015;3000812;HAB1-T005
SWT-3.0-101;Eolienne;HAB1-T006;HAB1;1;01/11/2015;3000813;HAB1-T006
SWT-3.0-101;Eolienne;HAB1-T007;HAB1;1;01/11/2015;3000814;HAB1-T007
SWT-3.0-101;Eolienne;HAB2-T001;HAB2;1;01/11/2015;3000808;HAB2-T001
SWT-3.0-101;Eolienne;HAB2-T002;HAB2;1;01/11/2015;3000809;HAB2-T002
SWT-3.0-101;Eolienne;HAB2-T003;HAB2;1;01/11/2015;3000810;HAB2-T003
V80-2.0MW - MK7;Eolienne;HENI-T001;HENI;1;17/09/2013;42042;HENI-T001
V80-2.0MW - MK7;Eolienne;HENI-T002;HENI;1;17/09/2013;42041;HENI-T002
V80-2.0MW - MK7;Eolienne;HENI-T003;HENI;1;17/09/2013;42040;HENI-T003
G87-2.0MW;Eolienne;HERO-T001;HERO;1;31/07/2008;;HERO-T001
G87-2.0MW;Eolienne;HERO-T002;HERO;1;31/07/2008;;HERO-T002
G87-2.0MW;Eolienne;HERO-T003;HERO;1;31/07/2008;;HERO-T003
G87-2.0MW;Eolienne;HERO-T004;HERO;1;31/07/2008;;HERO-T004
N80-2.4MW;Eolienne;JADE-T004;JADE;1;01/06/2016;8053;JADE-T004
N80-2.4MW;Eolienne;JADE-T005;JADE;1;01/06/2016;8051;JADE-T005
N80-2.4MW;Eolienne;JADE-T006;JADE;1;01/06/2016;8054;JADE-T006
N80-2.4MW;Eolienne;JADE-T007;JADE;1;01/06/2016;8055;JADE-T007
N80-2.4MW;Eolienne;JADE-T008;JADE;1;01/06/2016;8052;JADE-T008
G58-850kW;Eolienne;JONC-T003;JONC;1;;100185575;JONC-T003
G58-850kW;Eolienne;JONC-T004;JONC;1;;100185560;JONC-T004
G58-850kW;Eolienne;JONC-T005;JONC;1;;100185556;JONC-T005
G58-850kW;Eolienne;JONC-T006;JONC;1;;100185557;JONC-T006
G58-850kW;Eolienne;JONC-T007;JONC;1;;100185572;JONC-T007
G58-850kW;Eolienne;JONC-T009;JONC;1;;100185554;JONC-T009
G58-850kW;Eolienne;JONC-T010;JONC;1;;100185576;JONC-T010
G58-850kW;Eolienne;JONC-T011;JONC;1;;100185552;JONC-T011
G58-850kW;Eolienne;JONC-T012;JONC;1;;100185574;JONC-T012
G58-850kW;Eolienne;JONC-T013;JONC;1;;100185573;JONC-T013
G58-850kW;Eolienne;JONC-T014;JONC;1;;100185555;JONC-T014
G58-850kW;Eolienne;JONC-T015;JONC;1;;100185558;JONC-T015
G58-850kW;Eolienne;JONC-T016;JONC;1;;100185559;JONC-T016
G58-850kW;Eolienne;JONC-T017;JONC;1;;100185553;JONC-T017
MM92-2.05MW - Platform B;Eolienne;LANE-T001;LANE;1;15/05/2008;R90037;LANE-T001
MM92-2.05MW - Platform B;Eolienne;LANE-T002;LANE;1;15/05/2008;R90036;LANE-T002
MM92-2.05MW - Platform B;Eolienne;LANE-T003;LANE;1;15/05/2008;R90035;LANE-T003
MM92-2.05MW - Platform B;Eolienne;LANE-T004;LANE;1;15/05/2008;R90034;LANE-T004
MM92-2.05MW - Platform B;Eolienne;LANE-T005;LANE;1;15/05/2008;R90033  ;LANE-T005
MM82-2.0MW - Platform B;Eolienne;LAPI-T001;LAPI;1;11/11/2009;82034;LAPI-T001
MM82-2.0MW - Platform B;Eolienne;LAPI-T002;LAPI;1;11/11/2009;82035;LAPI-T002
MM82-2.0MW - Platform B;Eolienne;LAPI-T003;LAPI;1;11/11/2009;82036;LAPI-T003
MM82-2.0MW - Platform B;Eolienne;LAPI-T004;LAPI;1;11/11/2009;82037;LAPI-T004
V80-2.0MW - MK3;Eolienne;LBDF-T001;LBDF;1;14/09/2006;21426;LBDF-T001
V80-2.0MW - MK3;Eolienne;LBDF-T002;LBDF;1;14/09/2006;22828;LBDF-T002
V80-2.0MW - MK3;Eolienne;LBDF-T003;LBDF;1;14/09/2006;22831;LBDF-T003
V80-2.0MW - MK3;Eolienne;LBDF-T004;LBDF;1;14/09/2006;22829;LBDF-T004
V80-2.0MW - MK3;Eolienne;LBDF-T005;LBDF;1;14/09/2006;22830;LBDF-T005
V80-2.0MW - MK3;Eolienne;LBDF-T006;LBDF;1;14/09/2006;22823;LBDF-T006
G90-2.0MW;Eolienne;LDTE-T001;LDTE;1;30/06/2011;;LDTE-T001
G90-2.0MW;Eolienne;LDTE-T002;LDTE;1;30/06/2011;;LDTE-T002
G90-2.0MW;Eolienne;LDTE-T003;LDTE;1;30/06/2011;;LDTE-T003
G90-2.0MW;Eolienne;LDTE-T004;LDTE;1;30/06/2011;;LDTE-T004
G90-2.0MW;Eolienne;LDTE-T005;LDTE;1;30/06/2011;;LDTE-T005
V112-3.3MW;Eolienne;LEMO-T001;LEMO;1;01/01/2017;212580;LEMO-T001
V112-3.3MW;Eolienne;LEMO-T002;LEMO;1;01/01/2017;212581;LEMO-T002
V112-3.3MW;Eolienne;LEMO-T003;LEMO;1;01/01/2017;212582;LEMO-T003
V112-3.3MW;Eolienne;LEMO-T004;LEMO;1;01/01/2017;212583;LEMO-T004
MM82-2.0MW - Platform B;Eolienne;LEPI-T001;LEPI;1;31/03/2006;80214;LEPI-T001
MM82-2.0MW - Platform B;Eolienne;LEPI-T002;LEPI;1;31/03/2006;80219;LEPI-T002
MM82-2.0MW - Platform B;Eolienne;LEPI-T003;LEPI;1;31/03/2006;80215;LEPI-T003
MM82-2.0MW - Platform B;Eolienne;LEPI-T004;LEPI;1;31/03/2006;80218;LEPI-T004
MM82-2.0MW - Platform B;Eolienne;LEPI-T005;LEPI;1;31/03/2006;80221;LEPI-T005
V80-2.0MW - MK4;Eolienne;LERO-T001;LERO;1;26/05/2006;22832;LERO-T001
V80-2.0MW - MK4;Eolienne;LERO-T002;LERO;1;26/05/2006;22833;LERO-T002
V52-850kW - MK4;Eolienne;LERO-T003;LERO;1;26/05/2006;22825;LERO-T003
V90-2.0MW - MK3;Eolienne;LOMO-T006;LOMO;1;14/10/2015;26174;LOMO-T006
V90-2.0MW - MK3;Eolienne;LOMO-T007;LOMO;1;14/10/2015;26173;LOMO-T007
V90-2.0MW - MK3;Eolienne;LOMO-T008;LOMO;1;14/10/2015;26175;LOMO-T008
V90-2.0MW - MK3;Eolienne;LOMO-T009;LOMO;1;14/10/2015;26176;LOMO-T009
V90-2.0MW - MK3;Eolienne;LOMO-T010;LOMO;1;14/10/2015;27262;LOMO-T010
V90-2.0MW - MK3;Eolienne;LOMO-T011;LOMO;1;14/10/2015;26171;LOMO-T011
V90-2.0MW - MK3;Eolienne;LOMO-T012;LOMO;1;14/10/2015;26169;LOMO-T012
V90-2.0MW - MK3;Eolienne;LOMO-T013;LOMO;1;14/10/2015;26170;LOMO-T013
V90-2.0MW - MK3;Eolienne;LOMO-T014;LOMO;1;14/10/2015;26168;LOMO-T014
V90-2.0MW - MK3;Eolienne;LOMO-T015;LOMO;1;14/10/2015;27261;LOMO-T015
E70-2.0MW;Eolienne;LOPV-T001;LOPX;1;20/12/2006;78671;LOPV-T001
E70-2.0MW;Eolienne;LOPV-T002;LOPX;1;20/12/2006;78672;LOPV-T002
E70-2.0MW;Eolienne;LOPV-T003;LOPX;1;20/12/2006;78673;LOPV-T003
E70-2.0MW;Eolienne;LOPV-T004;LOPX;1;20/12/2006;78674;LOPV-T004
E70-2.0MW;Eolienne;LOPV-T005;LOPX;1;20/12/2006;78675;LOPV-T005
E70-2.0MW;Eolienne;LOPV-T006;LOPX;1;20/12/2006;78676;LOPV-T006
E70-2.0MW;Eolienne;LOU2-T001;LOPX;1;20/12/2006;78670;LOU2-T001
E70-2.3MW;Eolienne;LUC2-T001;LUC2;1;01/09/2014;784347;LUC2-T001
E70-2.3MW;Eolienne;LUC2-T002;LUC2;1;01/09/2014;784348;LUC2-T002
E70-2.3MW;Eolienne;LUC2-T003;LUC2;1;01/09/2014;784349;LUC2-T003
E70-2.3MW;Eolienne;LUC2-T004;LUC2;1;01/09/2014;784350;LUC2-T004
E70-2.3MW;Eolienne;LUC2-T005;LUC2;1;01/09/2014;784351;LUC2-T005
MM70-2.0MW;Eolienne;LUCO-T001;LUCO;1;18/10/2007;80434;LUCO-T001
MM70-2.0MW;Eolienne;LUCO-T002;LUCO;1;18/10/2007;80430;LUCO-T002
MM70-2.0MW;Eolienne;LUCO-T003;LUCO;1;18/10/2007;80433;LUCO-T003
MM70-2.0MW;Eolienne;LUCO-T005;LUCO;1;18/10/2007;80435;LUCO-T005
MM70-2.0MW;Eolienne;LUCO-T006;LUCO;1;18/10/2007;80437;LUCO-T006
MM70-2.0MW;Eolienne;LUCO-T007;LUCO;1;18/10/2007;80436;LUCO-T007
G90-2.0MW;Eolienne;MACH-T001;MACH;1;31/12/2008;;MACH-T001
G90-2.0MW;Eolienne;MACH-T002;MACH;1;31/12/2008;;MACH-T002
G90-2.0MW;Eolienne;MACH-T003;MACH;1;31/12/2008;;MACH-T003
G90-2.0MW;Eolienne;MACH-T004;MACH;1;31/12/2008;;MACH-T004
N90-2.5MW;Eolienne;MAG1-T001;MAG1;1;01/01/2013;81999;MAG1-T001
N90-2.5MW;Eolienne;MAG1-T002;MAG1;1;01/01/2013;82000;MAG1-T002
N90-2.5MW;Eolienne;MAG1-T003;MAG1;1;01/01/2013;82001;MAG1-T003
N90-2.5MW;Eolienne;MAG1-T004;MAG1;1;01/01/2013;82004;MAG1-T004
N90-2.5MW;Eolienne;MAG3-T001;MAG3;1;01/01/2013;82006;MAG3-T001
N90-2.5MW;Eolienne;MAG3-T002;MAG3;1;01/01/2013;82007;MAG3-T002
G90-2.0MW;Eolienne;MAUR-T001;MAUR;1;30/06/2010;;MAUR-T001
G90-2.0MW;Eolienne;MAUR-T002;MAUR;1;30/06/2010;;MAUR-T002
G90-2.0MW;Eolienne;MAUR-T003;MAUR;1;30/06/2010;;MAUR-T003
G90-2.0MW;Eolienne;MAUR-T004;MAUR;1;30/06/2010;;MAUR-T004
G90-2.0MW;Eolienne;MAUR-T005;MAUR;1;30/06/2010;;MAUR-T005
MM82-2.0MW;Eolienne;MODF-T001;MODF;1;01/04/2008;80545;MODF-T001
MM82-2.0MW;Eolienne;MODF-T002;MODF;1;01/04/2008;80544;MODF-T002
MM82-2.0MW;Eolienne;MODF-T003;MODF;1;01/04/2008;80543;MODF-T003
MM82-2.0MW;Eolienne;MODF-T004;MODF;1;01/04/2008;80546;MODF-T004
MM82-2.0MW;Eolienne;MODF-T005;MODF;1;01/04/2008;80541;MODF-T005
MM82-2.0MW;Eolienne;MODF-T006;MODF;1;01/04/2008;80542;MODF-T006
E82-3.0MW;Eolienne;SOFI-T001;SOFI;1;01/03/2017;826677;SOFI-T001
E82-3.0MW;Eolienne;SOFI-T002;SOFI;1;01/03/2017;826678;SOFI-T002
E82-3.0MW;Eolienne;SOFI-T003;SOFI;1;01/03/2017;826679;SOFI-T003
E82-3.0MW;Eolienne;SOFI-T004;SOFI;1;01/03/2017;826680;SOFI-T004
E82-3.0MW;Eolienne;SOFI-T005;SOFI;1;01/03/2017;826681;SOFI-T005
E82-3.0MW;Eolienne;MTAR-N006;MTAR;1;01/03/2017;826682;MTAR-N006
E82-3.0MW;Eolienne;MTAR-N007;MTAR;1;01/03/2017;826683;MTAR-N007
E82-3.0MW;Eolienne;MTAR-N008;MTAR;1;01/03/2017;826684;MTAR-N008
E82-2.3MW;Eolienne;MTAR-E001;MTAR;1;01/03/2017;826685;MTAR-E001
E82-2.3MW;Eolienne;MTAR-E002;MTAR;1;01/03/2017;826686;MTAR-E002
E82-2.3MW;Eolienne;MTAR-E003;MTAR;1;01/03/2017;826687;MTAR-E003
E82-2.3MW;Eolienne;MTAR-E004;MTAR;1;01/03/2017;826688;MTAR-E004
E82-2.3MW;Eolienne;MTAR-E005;MTAR;1;01/03/2017;826689;MTAR-E005
E82-2.3MW;Eolienne;MTAR-E006;MTAR;1;01/03/2017;826690;MTAR-E006
E82-2.3MW;Eolienne;MTAR-E007;MTAR;1;01/03/2017;826691;MTAR-E007
E82-2.3MW;Eolienne;MTAR-E008;MTAR;1;01/03/2017;826692;MTAR-E008
E82-2.3MW;Eolienne;MTAR-T001;MTAR;1;01/03/2017;826693;MTAR-T001
E82-2.3MW;Eolienne;MTAR-S002;MTAR;1;01/03/2017;826694;MTAR-S002
E82-2.3MW;Eolienne;MTAR-S003;MTAR;1;01/03/2017;826695;MTAR-S003
E82-2.3MW;Eolienne;MTAR-S004;MTAR;1;01/03/2017;826696;MTAR-S004
E82-2.3MW;Eolienne;MTAR-S005;MTAR;1;01/03/2017;826697;MTAR-S005
E82-2.3MW;Eolienne;MTAR-S006;MTAR;1;01/03/2017;826698;MTAR-S006
E82-2.3MW;Eolienne;MTAR-S007;MTAR;1;01/03/2017;826699;MTAR-S007
E82-2.3MW;Eolienne;MTAR-S008;MTAR;1;01/03/2017;826700;MTAR-S008
E82-2.3MW;Eolienne;MTAR-S009;MTAR;1;01/03/2017;826701;MTAR-S009
E82-2.3MW;Eolienne;MTAR-S010;MTAR;1;01/03/2017;826702;MTAR-S010
E82-2.3MW;Eolienne;MTAR-S011;MTAR;1;01/03/2017;826703;MTAR-S011
E82-2.3MW;Eolienne;MTAR-S012;MTAR;1;01/03/2017;826704;MTAR-S012
E82-2.3MW;Eolienne;MTAR-S013;MTAR;1;01/03/2017;826705;MTAR-S013
G87-2.0MW;Eolienne;MTL1-T001;MTL1;1;01/10/2008;;MTL1-T001
G87-2.0MW;Eolienne;MTL1-T002;MTL1;1;01/10/2008;;MTL1-T002
G87-2.0MW;Eolienne;MTL1-T003;MTL1;1;01/10/2008;;MTL1-T003
G87-2.0MW;Eolienne;MTL1-T004;MTL1;1;01/10/2008;;MTL1-T004
G87-2.0MW;Eolienne;MTL1-T005;MTL1;1;01/10/2008;;MTL1-T005
G87-2.0MW;Eolienne;MTL1-T006;MTL1;1;01/10/2008;;MTL1-T006
SWT-3.2-113;Eolienne;NAC1-T001;NAC1;1;01/05/2018;3200957;NAC1-T001
SWT-3.2-113;Eolienne;NAC1-T002;NAC1;1;01/05/2018;3200958;NAC1-T002
SWT-3.2-113;Eolienne;NAC1-T003;NAC1;1;01/05/2018;3200959;NAC1-T003
SWT-3.2-113;Eolienne;NAC1-T004;NAC1;1;01/05/2018;3200960;NAC1-T004
SWT-3.2-113;Eolienne;NAC2-T005;NAC2;1;01/05/2018;3200961;NAC2-T005
SWT-3.2-113;Eolienne;NAC2-T006;NAC2;1;01/05/2018;3200962;NAC2-T006
SWT-3.2-113;Eolienne;NAC2-T007;NAC2;1;01/05/2018;3200963;NAC2-T007
G80-2.0MW;Eolienne;NIED-T001;NIED;1;01/02/2008;100181515;NIED-T001
G80-2.0MW;Eolienne;NIED-T002;NIED;1;01/02/2008;100181512;NIED-T002
G80-2.0MW;Eolienne;NIED-T003;NIED;1;01/02/2008;100181514;NIED-T003
G80-2.0MW;Eolienne;NIED-T004;NIED;1;01/02/2008;100181513;NIED-T004
G80-2.0MW;Eolienne;NIED-T005;NIED;1;01/02/2008;100181509;NIED-T005
G80-2.0MW;Eolienne;NIED-T006;NIED;1;01/02/2008;100181516;NIED-T006
MM82-2.0MW - Platform B;Eolienne;NIPL-T005;NIPL;1;11/11/2009;82038;NIPL-T005
MM82-2.0MW - Platform B;Eolienne;NIPL-T006;NIPL;1;11/11/2009;82039;NIPL-T006
MM82-2.0MW - Platform B;Eolienne;NIPL-T007;NIPL;1;11/11/2009;82053;NIPL-T007
G80-2.0MW;Eolienne;NOUR-T001;NOUR;1;31/07/2008;;NOUR-T001
G80-2.0MW;Eolienne;NOUR-T002;NOUR;1;31/07/2008;;NOUR-T002
G80-2.0MW;Eolienne;NOUR-T003;NOUR;1;31/07/2008;;NOUR-T003
G80-2.0MW;Eolienne;NOUR-T004;NOUR;1;31/07/2008;;NOUR-T004
G80-2.0MW;Eolienne;NOUR-T005;NOUR;1;31/07/2008;;NOUR-T005
G90-2.0MW;Eolienne;NURL-T001;NURL;1;31/12/2010;;NURL-T001
G90-2.0MW;Eolienne;NURL-T003;NURL;1;31/12/2010;;NURL-T003
G90-2.0MW;Eolienne;NURL-T004;NURL;1;31/12/2010;;NURL-T004
G90-2.0MW;Eolienne;NURL-T005;NURL;1;31/12/2010;;NURL-T005
NM52-900kW;Eolienne;OUPI-T001;OUPI;1;06/04/2004;18848;OUPI-T001
NM52-900kW;Eolienne;OUPI-T002;OUPI;1;06/04/2004;18843;OUPI-T002
NM52-900kW;Eolienne;OUPI-T003;OUPI;1;06/04/2004;18845;OUPI-T003
NM52-900kW;Eolienne;OUPI-T004;OUPI;1;06/04/2004;18844;OUPI-T004
NM52-900kW;Eolienne;OUPI-T005;OUPI;1;06/04/2004;18847;OUPI-T005
NM52-900kW;Eolienne;OUPI-T006;OUPI;1;06/04/2004;18841;OUPI-T006
NM52-900kW;Eolienne;OUPI-T007;OUPI;1;06/04/2004;18840;OUPI-T007
NM52-900kW;Eolienne;OUPI-T008;OUPI;1;06/04/2004;18842;OUPI-T008
NM52-900kW;Eolienne;OUPI-T009;OUPI;1;06/04/2004;18846;OUPI-T009
G90-2.0MW;Eolienne;PAMP-T006;PAMP;1;29/08/2012;;PAMP-T006
G90-2.0MW;Eolienne;PAMP-T007;PAMP;1;29/08/2012;;PAMP-T007
G90-2.0MW;Eolienne;PAMP-T008;PAMP;1;29/08/2012;;PAMP-T008
G90-2.0MW;Eolienne;PAMP-T009;PAMP;1;29/08/2012;;PAMP-T009
G90-2.0MW;Eolienne;PAMP-T010;PAMP;1;29/08/2012;;PAMP-T010
MM92-2.05MW;Eolienne;PDCE-T001;PDCE;1;07/06/2013;92385;PDCE-T001
MM92-2.05MW;Eolienne;PDCE-T002;PDCE;1;07/06/2013;91864;PDCE-T002
MM92-2.05MW;Eolienne;PDCE-T003;PDCE;1;07/06/2013;91865;PDCE-T003
MM92-2.05MW;Eolienne;PDCE-T004;PDCE;1;07/06/2013;91867;PDCE-T004
MM92-2.05MW;Eolienne;PDCE-T005;PDCE;1;07/06/2013;91863;PDCE-T005
MM92-2.05MW;Eolienne;PDCE-T006;PDCE;1;07/06/2013;91866;PDCE-T006
V90-2.0MW - MK7;Eolienne;PDFE-T001;PDFE;1;07/12/2010;40229;PDFE-T001
V90-2.0MW - MK7;Eolienne;PDFE-T002;PDFE;1;07/12/2010;40230;PDFE-T002
V90-2.0MW - MK7;Eolienne;PDFE-T003;PDFE;1;07/12/2010;40231;PDFE-T003
V90-2.0MW - MK7;Eolienne;PDFE-T004;PDFE;1;07/12/2010;40232;PDFE-T004
MM82-2.0MW - Platform B;Eolienne;PEMO-T001;PEMO;1;11/11/2009;82072;PEMO-T001
MM82-2.0MW - Platform B;Eolienne;PEMO-T002;PEMO;1;11/11/2009;82073;PEMO-T002
MM82-2.0MW - Platform B;Eolienne;PEMO-T003;PEMO;1;11/11/2009;82086;PEMO-T003
V90-3.0MW - MK9;Eolienne;PEZI-C001;PEZI;1;03/11/2015;48315;PEZI-C001
V90-3.0MW - MK9;Eolienne;PEZI-C002;PEZI;1;03/11/2015;48333;PEZI-C002
V90-3.0MW - MK9;Eolienne;PEZI-C003;PEZI;1;03/11/2015;48330;PEZI-C003
V90-3.0MW - MK9;Eolienne;PEZI-C004;PEZI;1;03/11/2015;48331;PEZI-C004
V90-3.0MW - MK9;Eolienne;PEZI-C005;PEZI;1;03/11/2015;48334;PEZI-C005
V90-3.0MW - MK9;Eolienne;PEZI-C006;PEZI;1;03/11/2015;48313;PEZI-C006
V90-3.0MW - MK9;Eolienne;PEZI-B007;PEZI;1;03/11/2015;48332;PEZI-B007
V90-3.0MW - MK9;Eolienne;PEZI-B008;PEZI;1;03/11/2015;48335;PEZI-B008
V90-3.0MW - MK9;Eolienne;PEZI-B009;PEZI;1;03/11/2015;48311;PEZI-B009
V90-3.0MW - MK9;Eolienne;PEZI-B010;PEZI;1;03/11/2015;48328;PEZI-B010
V90-3.0MW - MK9;Eolienne;PEZI-B011;PEZI;1;03/11/2015;48329;PEZI-B011
V80-2.0MW - MK7;Eolienne;PEZI-B012;PEZI;1;03/11/2015;204713;PEZI-B012
V90-3.0MW - MK9;Eolienne;PEZI-V001;PEZI;1;03/11/2015;48314;PEZI-V001
V80-2.0MW - MK7;Eolienne;PEZI-V002;PEZI;1;03/11/2015;204719;PEZI-V002
V80-2.0MW - MK7;Eolienne;PEZI-V003;PEZI;1;03/11/2015;204715;PEZI-V003
V80-2.0MW - MK7;Eolienne;PEZI-V004;PEZI;1;03/11/2015;204714;PEZI-V004
V80-2.0MW - MK7;Eolienne;PEZI-P001;PEZI;1;03/11/2015;204721;PEZI-P001
V80-2.0MW - MK7;Eolienne;PEZI-P002;PEZI;1;03/11/2015;204720;PEZI-P002
V80-2.0MW - MK7;Eolienne;PEZI-P003;PEZI;1;03/11/2015;204716;PEZI-P003
V90-3.0MW - MK9;Eolienne;PEZI-P004;PEZI;1;03/11/2015;48321;PEZI-P004
V90-3.0MW - MK9;Eolienne;PEZI-P005;PEZI;1;03/11/2015;48312;PEZI-P005
V90-3.0MW - MK9;Eolienne;PEZI-P006;PEZI;1;03/11/2015;48323;PEZI-P006
V80-2.0MW - MK7;Eolienne;PEZI-P007;PEZI;1;03/11/2015;204717;PEZI-P007
V80-2.0MW - MK7;Eolienne;PEZI-P008;PEZI;1;03/11/2015;204718;PEZI-P008
V90-3.0MW - MK9;Eolienne;PEZI-P009;PEZI;1;03/11/2015;48316;PEZI-P009
V90-3.0MW - MK9;Eolienne;PEZI-P010;PEZI;1;03/11/2015;48325;PEZI-P010
V90-3.0MW - MK9;Eolienne;PEZI-P011;PEZI;1;03/11/2015;48326;PEZI-P011
V90-3.0MW - MK9;Eolienne;PEZI-P012;PEZI;1;03/11/2015;48327;PEZI-P012
V90-3.0MW - MK9;Eolienne;PEZI-P013;PEZI;1;03/11/2015;48320;PEZI-P013
V90-3.0MW - MK9;Eolienne;PEZI-P014;PEZI;1;03/11/2015;48324;PEZI-P014
V90-3.0MW - MK9;Eolienne;PEZI-P015;PEZI;1;03/11/2015;48319;PEZI-P015
V90-3.0MW - MK9;Eolienne;PEZI-P016;PEZI;1;03/11/2015;48318;PEZI-P016
V90-3.0MW - MK9;Eolienne;PEZI-P017;PEZI;1;03/11/2015;48310;PEZI-P017
V90-3.0MW - MK9;Eolienne;PEZI-P018;PEZI;1;03/11/2015;48322;PEZI-P018
V90-3.0MW - MK9;Eolienne;PEZI-P019;PEZI;1;03/11/2015;48317;PEZI-P019
N90-2.3MW;Eolienne;PLAT-T003;PLAT;1;01/03/2007;8367;PLAT-T003
N90-2.3MW;Eolienne;PLAT-T004;PLAT;1;01/03/2007;8366;PLAT-T004
N90-2.3MW;Eolienne;PLAT-T005;PLAT;1;01/03/2007;8368;PLAT-T005
G90-2.0MW;Eolienne;PLEU-T001;PLEU;1;31/10/2010;;PLEU-T001
G90-2.0MW;Eolienne;PLEU-T002;PLEU;1;31/10/2010;;PLEU-T002
G90-2.0MW;Eolienne;PLEU-T003;PLEU;1;31/10/2010;;PLEU-T003
G90-2.0MW;Eolienne;PLEU-T004;PLEU;1;31/10/2010;;PLEU-T004
G90-2.0MW;Eolienne;PLEU-T005;PLEU;1;31/10/2010;;PLEU-T005
E70-2.3MW;Eolienne;PLGR-T001;PLGR;1;11/04/2012;783026;PLGR-T001
E70-2.3MW;Eolienne;PLGR-T002;PLGR;1;11/04/2012;783027;PLGR-T002
E70-2.3MW;Eolienne;PLGR-T003;PLGR;1;11/04/2012;783028;PLGR-T003
E70-2.3MW;Eolienne;PLGR-T004;PLGR;1;11/04/2012;783029;PLGR-T004
E70-2.3MW;Eolienne;PLOS-T001;PLOS;1;01/12/2007;781604;PLOS-T001
E70-2.3MW;Eolienne;PLOS-T002;PLOS;1;01/12/2007;781605;PLOS-T002
E70-2.3MW;Eolienne;PLOS-T003;PLOS;1;01/12/2007;781606;PLOS-T003
E70-2.3MW;Eolienne;PLOS-T004;PLOS;1;01/12/2007;781607;PLOS-T004
E70-2.3MW;Eolienne;PLOS-T005;PLOS;1;01/12/2007;781608;PLOS-T005
V52-850kW - MK4;Eolienne;POUZ-T001;POUZ;1;03/10/2014;V48033;POUZ-T001
V52-850kW - MK4;Eolienne;POUZ-T002;POUZ;1;03/10/2014;V48038;POUZ-T002
V52-850kW - MK4;Eolienne;POUZ-T003;POUZ;1;03/10/2014;V48037;POUZ-T003
V52-850kW - MK4;Eolienne;POUZ-T004;POUZ;1;03/10/2014;V48036;POUZ-T004
V52-850kW - MK4;Eolienne;POUZ-T005;POUZ;1;03/10/2014;V48034;POUZ-T005
V52-850kW - MK4;Eolienne;POUZ-T006;POUZ;1;03/10/2014;V48035;POUZ-T006
G97-2.0MW;Eolienne;QVA3-T007;QVA3;1;05/01/2017;100186154;QVA3-T007
G97-2.0MW;Eolienne;QVA3-T008;QVA3;1;05/01/2017;100186156;QVA3-T008
G97-2.0MW;Eolienne;QVA3-T009;QVA3;1;05/01/2017;100186144;QVA3-T009
G97-2.0MW;Eolienne;QVA3-T010;QVA3;1;05/01/2017;100186153;QVA3-T010
G97-2.0MW;Eolienne;QVA3-T011;QVA3;1;05/01/2017;100186145;QVA3-T011
G97-2.0MW;Eolienne;QVA3-T012;QVA3;1;05/01/2017;100186155;QVA3-T012
G97-2.0MW;Eolienne;QVA3-T013;QVA3;1;05/01/2017;100186143;QVA3-T013
G97-2.0MW;Eolienne;QVA3-T014;QVA3;1;05/01/2017;100186142;QVA3-T014
G90-2.0MW;Eolienne;RAM1-T001;RAM1;1;31/07/2008;;RAM1-T001
G90-2.0MW;Eolienne;RAM1-T002;RAM1;1;31/07/2008;;RAM1-T002
G90-2.0MW;Eolienne;RAM1-T003;RAM1;1;31/07/2008;;RAM1-T003
G90-2.0MW;Eolienne;RAM1-T004;RAM1;1;31/07/2008;;RAM1-T004
G90-2.0MW;Eolienne;RAM1-T005;RAM1;1;31/07/2008;;RAM1-T005
G90-2.0MW;Eolienne;RAM1-T006;RAM1;1;31/07/2008;;RAM1-T006
G90-2.0MW;Eolienne;RAM2-T001;RAM2;1;30/06/2010;;RAM2-T001
G90-2.0MW;Eolienne;RAM2-T002;RAM2;1;30/06/2010;;RAM2-T002
G90-2.0MW;Eolienne;RAM2-T003;RAM2;1;30/06/2010;;RAM2-T003
G90-2.0MW;Eolienne;RAM2-T004;RAM2;1;30/06/2010;;RAM2-T004
G90-2.0MW;Eolienne;RAM2-T005;RAM2;1;30/06/2010;;RAM2-T005
G90-2.0MW;Eolienne;RAM2-T006;RAM2;1;30/06/2010;;RAM2-T006
G90-2.0MW;Eolienne;RAM2-T007;RAM2;1;30/06/2010;;RAM2-T007
G90-2.0MW;Eolienne;RIBE-T001;RIBE;1;08/05/2009;;RIBE-T001
G90-2.0MW;Eolienne;RIBE-T002;RIBE;1;08/05/2009;;RIBE-T002
G90-2.0MW;Eolienne;RIBE-T003;RIBE;1;08/05/2009;;RIBE-T003
G90-2.0MW;Eolienne;RIBE-T004;RIBE;1;08/05/2009;;RIBE-T004
G90-2.0MW;Eolienne;RIBE-T005;RIBE;1;08/05/2009;;RIBE-T005
NM52-900kW;Eolienne;RIOL-T001;RIOL;1;01/07/2004;69395;RIOL-T001
NM52-900kW;Eolienne;RIOL-T002;RIOL;1;01/07/2004;69392;RIOL-T002
NM52-900kW;Eolienne;RIOL-T003;RIOL;1;01/07/2004;69393;RIOL-T003
NM52-900kW;Eolienne;RIOL-T004;RIOL;1;01/07/2004;69394;RIOL-T004
V52-850kW - MK4;Eolienne;RODU-T001;RODU;1;01/01/2006;;RODU-T001
V80-2.0MW - MK4;Eolienne;RODU-T002;RODU;1;01/01/2006;;RODU-T002
V80-2.0MW - MK4;Eolienne;RODU-T003;RODU;1;01/01/2006;;RODU-T003
V80-2.0MW - MK4;Eolienne;RODU-T004;RODU;1;01/01/2006;;RODU-T004
N43-600kW;Eolienne;ROGL-T001;ROGL;1;;;ROGL-T001
N43-600kW;Eolienne;ROGL-T002;ROGL;1;;;ROGL-T002
N43-600kW;Eolienne;ROGL-T003;ROGL;1;;;ROGL-T003
N43-600kW;Eolienne;ROGL-T004;ROGL;1;;;ROGL-T004
N43-600kW;Eolienne;ROGL-T005;ROGL;1;;;ROGL-T005
N43-600kW;Eolienne;ROGL-T006;ROGL;1;;;ROGL-T006
N43-600kW;Eolienne;ROGL-T007;ROGL;1;;;ROGL-T007
MM82-2.0MW;Eolienne;SABL-T001;SABL;1;25/05/2007;80367;SABL-T001
MM82-2.0MW;Eolienne;SABL-T002;SABL;1;25/05/2007;80364;SABL-T002
MM82-2.0MW;Eolienne;SABL-T003;SABL;1;25/05/2007;80365;SABL-T003
MM82-2.0MW;Eolienne;SABL-T004;SABL;1;25/05/2007;80366;SABL-T004
MM82-2.0MW;Eolienne;SABL-T005;SABL;1;25/05/2007;80368;SABL-T005
V90-3.0MW - MK7;Eolienne;SACB-T026;SACB;1;20/10/2008;;SACB-T026
V90-3.0MW - MK7;Eolienne;SACB-T027;SACB;1;20/10/2008;;SACB-T027
V90-3.0MW - MK7;Eolienne;SACB-T028;SACB;1;20/10/2008;;SACB-T028
V90-3.0MW - MK7;Eolienne;SACB-T029;SACB;1;20/10/2008;;SACB-T029
V90-3.0MW - MK7;Eolienne;SACS-T015;SACS;1;20/10/2008;;SACS-T015
V90-3.0MW - MK7;Eolienne;SACS-T016;SACS;1;20/10/2008;;SACS-T016
V90-3.0MW - MK7;Eolienne;SACU-T001;SACU;1;20/10/2008;28162;SACU-T001
V90-3.0MW - MK7;Eolienne;SACU-T002;SACU;1;20/10/2008;28186;SACU-T002
V90-3.0MW - MK7;Eolienne;SACU-T003;SACU;1;20/10/2008;28188;SACU-T003
V90-3.0MW - MK7;Eolienne;SACU-T004;SACU;1;20/10/2008;28181;SACU-T004
V90-3.0MW - MK7;Eolienne;SACU-T005;SACU;1;20/10/2008;28187;SACU-T005
V90-3.0MW - MK7;Eolienne;SACU-T006;SACU;1;20/10/2008;28185;SACU-T006
V90-3.0MW - MK7;Eolienne;SACU-T007;SACU;1;20/10/2008;28170;SACU-T007
V90-3.0MW - MK7;Eolienne;SACU-T008;SACU;1;20/10/2008;28179;SACU-T008
V90-3.0MW - MK7;Eolienne;SACU-T009;SACU;1;20/10/2008;28184;SACU-T009
V90-3.0MW - MK7;Eolienne;SACU-T010;SACU;1;20/10/2008;28180;SACU-T010
V90-3.0MW - MK7;Eolienne;SACU-T011;SACU;1;20/10/2008;28165;SACU-T011
V90-3.0MW - MK7;Eolienne;SAPN-T012;SAPN;1;20/10/2008;28164;SAPN-T012
V90-3.0MW - MK7;Eolienne;SAPN-T013;SAPN;1;20/10/2008;28173;SAPN-T013
V90-3.0MW - MK7;Eolienne;SAPN-T014;SAPN;1;20/10/2008;28163;SAPN-T014
V90-3.0MW - MK7;Eolienne;SACU-T017;SACU;1;20/10/2008;28171;SACU-T017
V90-3.0MW - MK7;Eolienne;SACU-T018;SACU;1;20/10/2008;28167;SACU-T018
V90-3.0MW - MK7;Eolienne;SACU-T019;SACU;1;20/10/2008;28169;SACU-T019
V90-3.0MW - MK7;Eolienne;SACU-T020;SACU;1;20/10/2008;28166;SACU-T020
V90-3.0MW - MK7;Eolienne;SACU-T021;SACU;1;20/10/2008;28160;SACU-T021
V90-3.0MW - MK7;Eolienne;SACU-T022;SACU;1;20/10/2008;28161;SACU-T022
V90-3.0MW - MK7;Eolienne;SACU-T023;SACU;1;20/10/2008;28182;SACU-T023
V90-3.0MW - MK7;Eolienne;SACU-T024;SACU;1;20/10/2008;28175;SACU-T024
V90-3.0MW - MK7;Eolienne;SACU-T025;SACU;1;20/10/2008;28174;SACU-T025
E70-2.0MW;Eolienne;SALL-T001;SALL;1;01/12/2008;782100;SALL-T001
E70-2.0MW;Eolienne;SALL-T002;SALL;1;01/12/2008;782101;SALL-T002
E70-2.0MW;Eolienne;SALL-T003;SALL;1;01/12/2008;782102;SALL-T003
E70-2.0MW;Eolienne;SALL-T004;SALL;1;01/12/2008;782103;SALL-T004
MD70-1.5MW;Eolienne;SAMI-T001;SAMI;1;01/12/2006;70581;SAMI-T001
MD70-1.5MW;Eolienne;SAMI-T002;SAMI;1;01/12/2006;70578;SAMI-T002
MD70-1.5MW;Eolienne;SAMI-T003;SAMI;1;01/12/2006;70582;SAMI-T003
MD70-1.5MW;Eolienne;SAMI-T004;SAMI;1;01/12/2006;70583;SAMI-T004
MD70-1.5MW;Eolienne;SAMI-T005;SAMI;1;01/12/2006;70580;SAMI-T005
MD70-1.5MW;Eolienne;SAMI-T006;SAMI;1;01/12/2006;70579;SAMI-T006
V80-2.0MW;Eolienne;SAUV-T001;SAUV;1;17/02/2009;31473;SAUV-T001
V80-2.0MW;Eolienne;SAUV-T002;SAUV;1;17/02/2009;31474;SAUV-T002
V80-2.0MW;Eolienne;SAUV-T003;SAUV;1;17/02/2009;31472;SAUV-T003
V80-2.0MW;Eolienne;SAUV-T004;SAUV;1;17/02/2009;31476;SAUV-T004
V80-2.0MW;Eolienne;SAUV-T005;SAUV;1;17/02/2009;31477;SAUV-T005
V80-2.0MW;Eolienne;SAUV-T006;SAUV;1;17/02/2009;31475;SAUV-T006
G90-2.0MW;Eolienne;SERY-T002;SERY;1;08/05/2009;;SERY-T002
G90-2.0MW;Eolienne;SERY-T003;SERY;1;08/05/2009;;SERY-T003
G90-2.0MW;Eolienne;SERY-T004;SERY;1;08/05/2009;;SERY-T004
G90-2.0MW;Eolienne;SERY-T005;SERY;1;08/05/2009;;SERY-T005
V90-2.0MW - MK3;Eolienne;SOUR-T001;SOUR;1;15/10/2015;27294;SOUR-T001
V90-2.0MW - MK3;Eolienne;SOUR-T002;SOUR;1;15/10/2015;27291;SOUR-T002
V90-2.0MW - MK3;Eolienne;SOUR-T003;SOUR;1;15/10/2015;27292;SOUR-T003
V90-2.0MW - MK3;Eolienne;SOUR-T004;SOUR;1;15/10/2015;27290;SOUR-T004
V90-2.0MW - MK3;Eolienne;SOUR-T005;SOUR;1;15/10/2015;27289;SOUR-T005
V90-2.0MW - MK3;Eolienne;SOUR-T006;SOUR;1;15/10/2015;27287;SOUR-T006
V90-2.0MW - MK3;Eolienne;SOUR-T012;SOUR;1;15/10/2015;27293;SOUR-T012
V90-2.0MW - MK3;Eolienne;SOUR-T013;SOUR;1;15/10/2015;27288;SOUR-T013
V90-2.0MW - MK3;Eolienne;SOUR-T015;SOUR;1;15/10/2015;27286;SOUR-T015
V90-2.0MW - MK3;Eolienne;SOUR-T016;SOUR;1;15/10/2015;27283;SOUR-T016
V90-2.0MW - MK3;Eolienne;SOUR-T017;SOUR;1;15/10/2015;27284;SOUR-T017
V90-2.0MW - MK3;Eolienne;SOUR-T018;SOUR;1;15/10/2015;27285;SOUR-T018
N90-2.3MW - LS;Eolienne;STAU-T001;STAU;1;23/07/2007;NX8354;STAU-T001
N90-2.3MW - LS;Eolienne;STAU-T001;STAU;1;23/07/2007;NX8354;STAU-T001
N90-2.3MW - LS;Eolienne;STAU-T002;STAU;1;23/07/2007;NX8355;STAU-T002
N90-2.3MW - LS;Eolienne;STAU-T002;STAU;1;23/07/2007;NX8355;STAU-T002
N90-2.3MW - LS;Eolienne;STAU-T003;STAU;1;23/07/2007;NX8356;STAU-T003
N90-2.3MW - LS;Eolienne;STAU-T003;STAU;1;23/07/2007;NX8356;STAU-T003
N90-2.3MW - LS;Eolienne;STAU-T004;STAU;1;23/07/2007;NX8357;STAU-T004
N90-2.3MW - LS;Eolienne;STAU-T004;STAU;1;23/07/2007;NX8357;STAU-T004
N90-2.3MW - LS;Eolienne;STAU-T005;STAU;1;23/07/2007;NX8358;STAU-T005
N90-2.3MW - LS;Eolienne;STAU-T005;STAU;1;23/07/2007;NX8358;STAU-T005
G90-2.0MW;Eolienne;STEN-T001;STEN;1;31/07/2008;;STEN-T001
G90-2.0MW;Eolienne;STEN-T002;STEN;1;31/07/2008;;STEN-T002
G90-2.0MW;Eolienne;STEN-T003;STEN;1;31/07/2008;;STEN-T003
G90-2.0MW;Eolienne;STEN-T004;STEN;1;31/07/2008;;STEN-T004
G90-2.0MW;Eolienne;STEN-T005;STEN;1;31/07/2008;;STEN-T005
V90-3.0MW - MK4;Eolienne;STMB-T001;STMB;1;19/04/2006;22680;STMB-T001
V90-3.0MW - MK4;Eolienne;STMB-T002;STMB;1;19/04/2006;22679;STMB-T002
V80-2.0MW - MK4;Eolienne;STME-T001;STME;1;25/05/2006;22827;STME-T001
V80-2.0MW - MK4;Eolienne;STME-T002;STME;1;25/05/2006;22826;STME-T002
V80-2.0MW - MK4;Eolienne;STME-T003;STME;1;25/05/2006;22824;STME-T003
V80-2.0MW - MK4;Eolienne;STME-T004;STME;1;25/05/2006;21425;STME-T004
NM92-2.75MW;Eolienne;STSI-T001;STSI;1;26/04/2004;18597;STSI-T001
NM92-2.75MW;Eolienne;STSI-T002;STSI;1;26/04/2004;18599;STSI-T002
NM92-2.75MW;Eolienne;STSI-T003;STSI;1;26/04/2004;18600;STSI-T003
NM92-2.75MW;Eolienne;STSI-T004;STSI;1;26/04/2004;18598;STSI-T004
G90-2.0MW;Eolienne;TRAY-T001;TRAY;1;30/06/2011;;TRAY-T001
G90-2.0MW;Eolienne;TRAY-T002;TRAY;1;30/06/2011;;TRAY-T002
G90-2.0MW;Eolienne;TRAY-T003;TRAY;1;30/06/2011;;TRAY-T003
G90-2.0MW;Eolienne;TRAY-T004;TRAY;1;30/06/2011;;TRAY-T004
G90-2.0MW;Eolienne;TRAY-T005;TRAY;1;30/06/2011;;TRAY-T005
MM82-2.0MW - Platform B;Eolienne;TRFR-T001;TRFR;1;11/11/2009;82054;TRFR-T001
MM82-2.0MW - Platform B;Eolienne;TRFR-T002;TRFR;1;11/11/2009;82055;TRFR-T002
MM82-2.0MW - Platform B;Eolienne;TRFR-T003;TRFR;1;11/11/2009;82056;TRFR-T003
G58-850kW;Eolienne;VANA-T001;VANA;1;01/01/2007;9593;VANA-T001
G58-850kW;Eolienne;VANA-T002;VANA;1;01/01/2007;9591;VANA-T002
G58-850kW;Eolienne;VANA-T003;VANA;1;01/01/2007;9588;VANA-T003
G58-850kW;Eolienne;VANA-T004;VANA;1;01/01/2007;9595;VANA-T004
G58-850kW;Eolienne;VANA-T005;VANA;1;01/01/2007;9587;VANA-T005
G58-850kW;Eolienne;VANA-T006;VANA;1;01/01/2007;9592;VANA-T006
G58-850kW;Eolienne;VANA-T007;VANA;1;01/01/2007;9586;VANA-T007
G58-850kW;Eolienne;VANA-T008;VANA;1;01/01/2007;9589;VANA-T008
G58-850kW;Eolienne;VANA-T009;VANA;1;01/01/2007;9594;VANA-T009
G58-850kW;Eolienne;VANA-T010;VANA;1;01/01/2007;9590;VANA-T010
MM82-2.0MW;Eolienne;VEUL-T001;VEUL;1;01/09/2009;80837;VEUL-T001
MM82-2.0MW;Eolienne;VEUL-T002;VEUL;1;01/09/2009;80839;VEUL-T002
MM82-2.0MW;Eolienne;VEUL-T003;VEUL;1;01/09/2009;80840;VEUL-T003
MM82-2.0MW;Eolienne;VEUL-T004;VEUL;1;01/09/2009;80838;VEUL-T004
G90-2.0MW;Eolienne;VISE-T004;VISE;1;08/05/2009;;VISE-T004
G90-2.0MW;Eolienne;VISE-T005;VISE;1;08/05/2009;;VISE-T005
G90-2.0MW;Eolienne;VISE-T006;VISE;1;08/05/2009;;VISE-T006
E70-2.3MW;Eolienne;VLSQ-T001;VLSQ;1;01/07/2008;781856;VLSQ-T001
E70-2.3MW;Eolienne;VLSQ-T002;VLSQ;1;01/07/2008;781857;VLSQ-T002
E70-2.3MW;Eolienne;VLSQ-T003;VLSQ;1;01/07/2008;781858;VLSQ-T003
E70-2.3MW;Eolienne;VLSQ-T004;VLSQ;1;01/07/2008;781859;VLSQ-T004
E70-2.3MW;Eolienne;VLSQ-T005;VLSQ;1;01/07/2008;781860;VLSQ-T005
E70-2.3MW;Eolienne;VLSQ-T006;VLSQ;1;01/07/2008;781861;VLSQ-T006
E70-2.3MW;Eolienne;VLSQ-T007;VLSQ;1;01/07/2008;781862;VLSQ-T007
E70-2.3MW;Eolienne;VLSQ-T008;VLSQ;1;01/07/2008;781863;VLSQ-T008
E70-2.3MW;Eolienne;VLSQ-T009;VLSQ;1;01/07/2008;781864;VLSQ-T009
E70-2.3MW;Eolienne;VLSQ-T010;VLSQ;1;01/07/2008;781865;VLSQ-T010
E70-2.3MW;Eolienne;VLSQ-T011;VLSQ;1;01/07/2008;781866;VLSQ-T011
E70-2.3MW;Eolienne;VLSQ-T012;VLSQ;1;01/07/2008;781867;VLSQ-T012
E70-2.3MW;Eolienne;VLSQ-T013;VLSQ;1;01/07/2008;781868;VLSQ-T013
E70-2.3MW;Eolienne;VLSQ-T014;VLSQ;1;01/07/2008;781869;VLSQ-T014
E70-2.3MW;Eolienne;VLSQ-T015;VLSQ;1;01/07/2008;781870;VLSQ-T015
E70-2.3MW;Eolienne;VLSQ-T016;VLSQ;1;01/07/2008;781871;VLSQ-T016
E70-2.3MW;Eolienne;VLSQ-T017;VLSQ;1;01/07/2008;781872;VLSQ-T017
E70-2.3MW;Eolienne;VLSQ-T018;VLSQ;1;01/07/2008;781873;VLSQ-T018
E70-2.3MW;Eolienne;VLSQ-T019;VLSQ;1;01/07/2008;781874;VLSQ-T019
E70-2.3MW;Eolienne;VLSQ-T020;VLSQ;1;01/07/2008;781875;VLSQ-T020
E70-2.3MW;Eolienne;VLSQ-T021;VLSQ;1;01/07/2008;781876;VLSQ-T021
E70-2.3MW;Eolienne;VLSQ-T022;VLSQ;1;01/07/2008;781877;VLSQ-T022
N131-3.6MW - K08 delta;Eolienne;PAAN-T001;PAAN;1;;86317;PAAN-T001
N131-3.6MW - K08 delta;Eolienne;PAAN-T002;PAAN;1;;86318;PAAN-T002
N131-3.6MW - K08 delta;Eolienne;PAAN-T003;PAAN;1;;86319;PAAN-T003
N131-3.6MW - K08 delta;Eolienne;PAAN-T004;PAAN;1;;86320;PAAN-T004
N131-3.6MW - K08 delta;Eolienne;PAAN-T005;PAAN;1;;86321;PAAN-T005
N131-3.6MW - K08 delta;Eolienne;PAAN-T006;PAAN;1;;86322;PAAN-T006
E44-900kW;Eolienne;PCR1-T004;PCR1;1;;;PCR1-T004
E44-900kW;Eolienne;PCR1-T005;PCR1;1;;;PCR1-T005
E44-900kW;Eolienne;PCR1-T006;PCR1;1;;;PCR1-T006
E44-900kW;Eolienne;PCR1-T007;PCR1;1;;;PCR1-T007
E44-900kW;Eolienne;PCR1-T008;PCR1;1;;;PCR1-T008
E44-900kW;Eolienne;PCR1-T009;PCR1;1;;;PCR1-T009
E44-900kW;Eolienne;PCR1-T010;PCR1;1;;;PCR1-T010
E44-900kW;Eolienne;PCR1-T012;PCR1;1;;;PCR1-T012
E44-900kW;Eolienne;PCR1-T013;PCR1;1;;;PCR1-T013
E44-900kW;Eolienne;PCR1-T014;PCR1;1;;;PCR1-T014
V100-2.2MW - Mk10;Eolienne;FOGU-T001;FOGU;1;;232967;FOGU-T001
V100-2.2MW - Mk10;Eolienne;FOGU-T002;FOGU;1;;232968;FOGU-T002
V100-2.2MW - Mk10;Eolienne;FOGU-T003;FOGU;1;;232969;FOGU-T003
V100-2.2MW - Mk10;Eolienne;FOGU-T004;FOGU;1;;232970;FOGU-T004
V100-2.2MW - Mk10;Eolienne;FOGU-T005;FOGU;1;;232971;FOGU-T005
V100-2.2MW - Mk10;Eolienne;FOGU-T006;FOGU;1;;232972;FOGU-T006
E82-3.0MW;Eolienne;TAIL-T001;TAIL;1;;827353;TAIL-T001
E82-3.0MW;Eolienne;TAIL-T002;TAIL;1;;827354;TAIL-T002
E82-3.0MW;Eolienne;TAIL-T003;TAIL;1;;827355;TAIL-T003
E82-3.0MW;Eolienne;TAIL-T004;TAIL;1;;827356;TAIL-T004
E82-3.0MW;Eolienne;TAIL-T005;TAIL;1;;827357;TAIL-T005
E82-3.0MW;Eolienne;TAIL-T006;TAIL;1;;827358;TAIL-T006
E82-3.0MW;Eolienne;TAIL-T007;TAIL;1;;827359;TAIL-T007
E82-3.0MW;Eolienne;TAIL-T008;TAIL;1;;827360;TAIL-T008
E82-3.0MW;Eolienne;TAIL-T009;TAIL;1;;827361;TAIL-T009
V117-3.45MW - MK3A;Eolienne;ALVI-T001;ALVI;1;08/12/2020;;ALVI-T001
V117-3.45MW - MK3A;Eolienne;ALVI-T002;ALVI;1;08/12/2020;;ALVI-T002
V117-3.45MW - MK3A;Eolienne;ALVI-T003;ALVI;1;08/12/2020;;ALVI-T003
V117-3.45MW - MK3A;Eolienne;ALVI-T004;ALVI;1;08/12/2020;;ALVI-T004
V117-3.45MW - MK3A;Eolienne;ALVI-T005;ALVI;1;08/12/2020;;ALVI-T005
V110-2.2MW - Mk10C-D;Eolienne;MOTG-T001;MOTG;1;01/08/2020;232973;MOTG-T001
V110-2.2MW - Mk10C-D;Eolienne;MOTG-T002;MOTG;1;01/08/2020;232974;MOTG-T002
V110-2.2MW - Mk10C-D;Eolienne;MOTG-T003;MOTG;1;01/08/2020;232975;MOTG-T003
V110-2.2MW - Mk10C-D;Eolienne;MOTG-T004;MOTG;1;01/08/2020;232976;MOTG-T004
V110-2.2MW - Mk10C-D;Eolienne;MOTG-T005;MOTG;1;01/08/2020;232977;MOTG-T005
V110-2.2MW - Mk10C-D;Eolienne;MOTG-T006;MOTG;1;01/08/2020;232978;MOTG-T006
V110-2.2MW - Mk10C-D;Eolienne;MOTG-T007;MOTG;1;01/08/2020;232979;MOTG-T007
SWT-7.0-154 - SWT-7.0-154;Eolienne;FEC1-G066;FEC1;1;31/07/2023;;FEC1-G066
SWT-7.0-154 - SWT-7.0-154;Eolienne;FEC1-G067;FEC1;1;31/07/2023;;FEC1-G067
SWT-7.0-154 - SWT-7.0-154;Eolienne;FEC1-G068;FEC1;1;31/07/2023;;FEC1-G068
SWT-7.0-154 - SWT-7.0-154;Eolienne;FEC1-G069;FEC1;1;31/07/2023;;FEC1-G069
SWT-7.0-154 - SWT-7.0-154;Eolienne;FEC1-G070;FEC1;1;31/07/2023;;FEC1-G070
SWT-7.0-154 - SWT-7.0-154;Eolienne;FEC1-G071;FEC1;1;31/07/2023;;FEC1-G071
SWT-7.0-154 - SWT-7.0-154;Eolienne;FEC1-G060;FEC1;1;31/07/2023;;FEC1-G060
SWT-7.0-154 - SWT-7.0-154;Eolienne;FEC1-G061;FEC1;1;31/07/2023;;FEC1-G061
SWT-7.0-154 - SWT-7.0-154;Eolienne;FEC1-G062;FEC1;1;31/07/2023;;FEC1-G062
SWT-7.0-154 - SWT-7.0-154;Eolienne;FEC1-G063;FEC1;1;31/07/2023;;FEC1-G063
SWT-7.0-154 - SWT-7.0-154;Eolienne;FEC1-G064;FEC1;1;31/07/2023;;FEC1-G064
SWT-7.0-154 - SWT-7.0-154;Eolienne;FEC1-G065;FEC1;1;31/07/2023;;FEC1-G065
SWT-7.0-154 - SWT-7.0-154;Eolienne;FEC1-G055;FEC1;1;31/07/2023;;FEC1-G055
SWT-7.0-154 - SWT-7.0-154;Eolienne;FEC1-G056;FEC1;1;31/07/2023;;FEC1-G056
SWT-7.0-154 - SWT-7.0-154;Eolienne;FEC1-G057;FEC1;1;31/07/2023;;FEC1-G057
SWT-7.0-154 - SWT-7.0-154;Eolienne;FEC1-G058;FEC1;1;31/07/2023;;FEC1-G058
SWT-7.0-154 - SWT-7.0-154;Eolienne;FEC1-G059;FEC1;1;31/07/2023;;FEC1-G059
SWT-7.0-154 - SWT-7.0-154;Eolienne;FEC1-G031;FEC1;1;31/07/2023;;FEC1-G031
SWT-7.0-154 - SWT-7.0-154;Eolienne;FEC1-G032;FEC1;1;31/07/2023;;FEC1-G032
SWT-7.0-154 - SWT-7.0-154;Eolienne;FEC1-G033;FEC1;1;31/07/2023;;FEC1-G033
SWT-7.0-154 - SWT-7.0-154;Eolienne;FEC1-G034;FEC1;1;31/07/2023;;FEC1-G034
SWT-7.0-154 - SWT-7.0-154;Eolienne;FEC1-G035;FEC1;1;31/07/2023;;FEC1-G035
SWT-7.0-154 - SWT-7.0-154;Eolienne;FEC1-G036;FEC1;1;31/07/2023;;FEC1-G036
SWT-7.0-154 - SWT-7.0-154;Eolienne;FEC1-G025;FEC1;1;31/07/2023;;FEC1-G025
SWT-7.0-154 - SWT-7.0-154;Eolienne;FEC1-G026;FEC1;1;31/07/2023;;FEC1-G026
SWT-7.0-154 - SWT-7.0-154;Eolienne;FEC1-G027;FEC1;1;31/07/2023;;FEC1-G027
SWT-7.0-154 - SWT-7.0-154;Eolienne;FEC1-G028;FEC1;1;31/07/2023;;FEC1-G028
SWT-7.0-154 - SWT-7.0-154;Eolienne;FEC1-G029;FEC1;1;31/07/2023;;FEC1-G029
SWT-7.0-154 - SWT-7.0-154;Eolienne;FEC1-G030;FEC1;1;31/07/2023;;FEC1-G030
SWT-7.0-154 - SWT-7.0-154;Eolienne;FEC1-G019;FEC1;1;31/07/2023;;FEC1-G019
SWT-7.0-154 - SWT-7.0-154;Eolienne;FEC1-G020;FEC1;1;31/07/2023;;FEC1-G020
SWT-7.0-154 - SWT-7.0-154;Eolienne;FEC1-G021;FEC1;1;31/07/2023;;FEC1-G021
SWT-7.0-154 - SWT-7.0-154;Eolienne;FEC1-G022;FEC1;1;31/07/2023;;FEC1-G022
SWT-7.0-154 - SWT-7.0-154;Eolienne;FEC1-G023;FEC1;1;31/07/2023;;FEC1-G023
SWT-7.0-154 - SWT-7.0-154;Eolienne;FEC1-G024;FEC1;1;31/07/2023;;FEC1-G024
SWT-7.0-154 - SWT-7.0-154;Eolienne;FEC1-G050;FEC1;1;31/07/2023;;FEC1-G050
SWT-7.0-154 - SWT-7.0-154;Eolienne;FEC1-G051;FEC1;1;31/07/2023;;FEC1-G051
SWT-7.0-154 - SWT-7.0-154;Eolienne;FEC1-G052;FEC1;1;31/07/2023;;FEC1-G052
SWT-7.0-154 - SWT-7.0-154;Eolienne;FEC1-G053;FEC1;1;31/07/2023;;FEC1-G053
SWT-7.0-154 - SWT-7.0-154;Eolienne;FEC1-G054;FEC1;1;31/07/2023;;FEC1-G054
SWT-7.0-154 - SWT-7.0-154;Eolienne;FEC1-G045;FEC1;1;31/07/2023;;FEC1-G045
SWT-7.0-154 - SWT-7.0-154;Eolienne;FEC1-G046;FEC1;1;31/07/2023;;FEC1-G046
SWT-7.0-154 - SWT-7.0-154;Eolienne;FEC1-G047;FEC1;1;31/07/2023;;FEC1-G047
SWT-7.0-154 - SWT-7.0-154;Eolienne;FEC1-G048;FEC1;1;31/07/2023;;FEC1-G048
SWT-7.0-154 - SWT-7.0-154;Eolienne;FEC1-G049;FEC1;1;31/07/2023;;FEC1-G049
SWT-7.0-154 - SWT-7.0-154;Eolienne;FEC1-G040;FEC1;1;31/07/2023;;FEC1-G040
SWT-7.0-154 - SWT-7.0-154;Eolienne;FEC1-G041;FEC1;1;31/07/2023;;FEC1-G041
SWT-7.0-154 - SWT-7.0-154;Eolienne;FEC1-G042;FEC1;1;31/07/2023;;FEC1-G042
SWT-7.0-154 - SWT-7.0-154;Eolienne;FEC1-G043;FEC1;1;31/07/2023;;FEC1-G043
SWT-7.0-154 - SWT-7.0-154;Eolienne;FEC1-G044;FEC1;1;31/07/2023;;FEC1-G044
SWT-7.0-154 - SWT-7.0-154;Eolienne;FEC1-G037;FEC1;1;31/07/2023;;FEC1-G037
SWT-7.0-154 - SWT-7.0-154;Eolienne;FEC1-G038;FEC1;1;31/07/2023;;FEC1-G038
SWT-7.0-154 - SWT-7.0-154;Eolienne;FEC1-G039;FEC1;1;31/07/2023;;FEC1-G039
SWT-7.0-154 - SWT-7.0-154;Eolienne;FEC1-G017;FEC1;1;31/07/2023;;FEC1-G017
SWT-7.0-154 - SWT-7.0-154;Eolienne;FEC1-G018;FEC1;1;31/07/2023;;FEC1-G018
SWT-7.0-154 - SWT-7.0-154;Eolienne;FEC1-G011;FEC1;1;31/07/2023;;FEC1-G011
SWT-7.0-154 - SWT-7.0-154;Eolienne;FEC1-G012;FEC1;1;31/07/2023;;FEC1-G012
SWT-7.0-154 - SWT-7.0-154;Eolienne;FEC1-G013;FEC1;1;31/07/2023;;FEC1-G013
SWT-7.0-154 - SWT-7.0-154;Eolienne;FEC1-G014;FEC1;1;31/07/2023;;FEC1-G014
SWT-7.0-154 - SWT-7.0-154;Eolienne;FEC1-G015;FEC1;1;31/07/2023;;FEC1-G015
SWT-7.0-154 - SWT-7.0-154;Eolienne;FEC1-G016;FEC1;1;31/07/2023;;FEC1-G016
SWT-7.0-154 - SWT-7.0-154;Eolienne;FEC1-G006;FEC1;1;31/07/2023;;FEC1-G006
SWT-7.0-154 - SWT-7.0-154;Eolienne;FEC1-G007;FEC1;1;31/07/2023;;FEC1-G007
SWT-7.0-154 - SWT-7.0-154;Eolienne;FEC1-G008;FEC1;1;31/07/2023;;FEC1-G008
SWT-7.0-154 - SWT-7.0-154;Eolienne;FEC1-G009;FEC1;1;31/07/2023;;FEC1-G009
SWT-7.0-154 - SWT-7.0-154;Eolienne;FEC1-G010;FEC1;1;31/07/2023;;FEC1-G010
SWT-7.0-154 - SWT-7.0-154;Eolienne;FEC1-G001;FEC1;1;31/07/2023;;FEC1-G001
SWT-7.0-154 - SWT-7.0-154;Eolienne;FEC1-G002;FEC1;1;31/07/2023;;FEC1-G002
SWT-7.0-154 - SWT-7.0-154;Eolienne;FEC1-G003;FEC1;1;31/07/2023;;FEC1-G003
SWT-7.0-154 - SWT-7.0-154;Eolienne;FEC1-G004;FEC1;1;31/07/2023;;FEC1-G004
SWT-7.0-154 - SWT-7.0-154;Eolienne;FEC1-G005;FEC1;1;31/07/2023;;FEC1-G005
G90-2.0MW;Eolienne;RAM2-T008;RAM2;1;30/06/2010;;RAM2-T008
G90-2.0MW;Eolienne;RAM2-T009;RAM2;1;30/06/2010;;RAM2-T009
G90-2.0MW;Eolienne;RAM2-T010;RAM2;1;30/06/2010;;RAM2-T010
G90-2.0MW;Eolienne;RAM2-T011;RAM2;1;30/06/2010;;RAM2-T011
G90-2.0MW;Eolienne;RAM2-T012;RAM2;1;30/06/2010;;RAM2-T012
G90-2.0MW;Eolienne;RAM2-T013;RAM2;1;30/06/2010;;RAM2-T013
;Eolienne;PCX1-T001;PCX1;1;01/09/2023;;PCX1-T001
;Eolienne;PCX1-T002;PCX1;1;01/09/2023;;PCX1-T002
;Eolienne;PCX1-T003;PCX1;1;01/09/2023;;PCX1-T003
