Plant ID;Date (start);Meter;Interval;Value
ALVI;01/01/2023;Utility Statement;Monthly;5734593.83333
ALVI;01/02/2023;Utility Statement;Monthly;2674947.33333
ALVI;01/03/2023;Utility Statement;Monthly;5824497.91667
ALVI;01/04/2023;Utility Statement;Monthly;3600856.75
ALVI;01/05/2023;Utility Statement;Monthly;3469402.16667
ALVI;01/06/2023;Utility Statement;Monthly;1948639.83333
AMBE;01/01/2023;Utility Statement;Monthly;347491.66667
AMBE;01/02/2023;Utility Statement;Monthly;739429.0
AMBE;01/03/2023;Utility Statement;Monthly;853833.33333
AMBE;01/04/2023;Utility Statement;Monthly;1355048.25
AMBE;01/05/2023;Utility Statement;Monthly;1454650.08333
AMBE;01/06/2023;Utility Statement;Monthly;1478233.0
AMEL;01/01/2023;Utility Statement;Monthly;3475014.33333
AMEL;01/02/2023;Utility Statement;Monthly;2211153.16667
AMEL;01/03/2023;Utility Statement;Monthly;3085788.66667
AMEL;01/04/2023;Utility Statement;Monthly;1903958.0
AMEL;01/05/2023;Utility Statement;Monthly;1295802.58333
AMEL;01/06/2023;Utility Statement;Monthly;1268219.16667
ANPA;01/01/2023;Utility Statement;Monthly;3539404.0
ANPA;01/02/2023;Utility Statement;Monthly;1780346.83333
ANPA;01/03/2023;Utility Statement;Monthly;2714427.16667
ANPA;01/04/2023;Utility Statement;Monthly;2871548.25
ANPA;01/05/2023;Utility Statement;Monthly;2967714.66667
ANPA;01/06/2023;Utility Statement;Monthly;1155368.58333
ARAM;01/01/2023;Utility Statement;Monthly;320776.83333
ARAM;01/02/2023;Utility Statement;Monthly;392620.16667
ARAM;01/03/2023;Utility Statement;Monthly;613227.5
ARAM;01/04/2023;Utility Statement;Monthly;758986.41667
ARAM;01/05/2023;Utility Statement;Monthly;743958.0
ARAM;01/06/2023;Utility Statement;Monthly;754993.91667
ARTI;01/01/2023;Utility Statement;Monthly;172510.83333
ARTI;01/02/2023;Utility Statement;Monthly;352388.16667
ARTI;01/03/2023;Utility Statement;Monthly;435641.16667
ARTI;01/04/2023;Utility Statement;Monthly;537385.75
ARTI;01/05/2023;Utility Statement;Monthly;548401.0
ARTI;01/06/2023;Utility Statement;Monthly;491697.91667
AUCO;01/01/2023;Utility Statement;Monthly;3068551.16667
AUCO;01/02/2023;Utility Statement;Monthly;1344169.5
AUCO;01/03/2023;Utility Statement;Monthly;2155275.58333
AUCO;01/04/2023;Utility Statement;Monthly;1822075.16667
AUCO;01/05/2023;Utility Statement;Monthly;1371445.5
AUCO;01/06/2023;Utility Statement;Monthly;1058729.0
AUM3;01/01/2023;Utility Statement;Monthly;3901132.5
AUM3;01/02/2023;Utility Statement;Monthly;1678906.5
AUM3;01/03/2023;Utility Statement;Monthly;2521082.5
AUM3;01/04/2023;Utility Statement;Monthly;2010555.0
AUM3;01/05/2023;Utility Statement;Monthly;1672777.5
AUM3;01/06/2023;Utility Statement;Monthly;895245.0
AUQB;01/01/2023;Utility Statement;Monthly;2552341.0
AUQB;01/02/2023;Utility Statement;Monthly;1205276.5
AUQB;01/03/2023;Utility Statement;Monthly;970364.0
AUQB;01/04/2023;Utility Statement;Monthly;1626030.16667
AUQB;01/05/2023;Utility Statement;Monthly;1362920.66667
AUQB;01/06/2023;Utility Statement;Monthly;696041.83333
BAMB;01/01/2023;Utility Statement;Monthly;2916743.16667
BAMB;01/02/2023;Utility Statement;Monthly;1880857.5
BAMB;01/03/2023;Utility Statement;Monthly;2643738.0
BAMB;01/04/2023;Utility Statement;Monthly;1414602.33333
BAMB;01/05/2023;Utility Statement;Monthly;865723.41667
BAMB;01/06/2023;Utility Statement;Monthly;620682.41667
BARB;01/01/2023;Utility Statement;Monthly;1344372.0
BARB;01/02/2023;Utility Statement;Monthly;1034069.16667
BARB;01/03/2023;Utility Statement;Monthly;1001975.83333
BARB;01/04/2023;Utility Statement;Monthly;1508189.16667
BARB;01/05/2023;Utility Statement;Monthly;1098527.66667
BARB;01/06/2023;Utility Statement;Monthly;999270.41667
BDBS;01/01/2023;Utility Statement;Monthly;5377064.16667
BDBS;01/02/2023;Utility Statement;Monthly;3883761.5
BDBS;01/03/2023;Utility Statement;Monthly;5433052.75
BDBS;01/04/2023;Utility Statement;Monthly;3453966.16667
BDBS;01/05/2023;Utility Statement;Monthly;2982920.66667
BDBS;01/06/2023;Utility Statement;Monthly;2170662.91667
BEAU;01/04/2023;Utility Statement;Monthly;1785978.75
BEAU;01/05/2023;Utility Statement;Monthly;2162209.91667
BEAU;01/06/2023;Utility Statement;Monthly;2314545.58333
BLAU;01/01/2023;Utility Statement;Monthly;212484.0
BLAU;01/02/2023;Utility Statement;Monthly;273961.0
BLAU;01/03/2023;Utility Statement;Monthly;355449.75
BLAU;01/04/2023;Utility Statement;Monthly;1502.5
BLAU;01/05/2023;Utility Statement;Monthly;1395.08333
BLAU;01/06/2023;Utility Statement;Monthly;359053.83333
BOUS;01/01/2023;Utility Statement;Monthly;2198926.33333
BOUS;01/02/2023;Utility Statement;Monthly;1400020.0
BOUS;01/03/2023;Utility Statement;Monthly;1706435.16667
BOUS;01/04/2023;Utility Statement;Monthly;937834.0
BOUS;01/05/2023;Utility Statement;Monthly;863226.83333
BOUS;01/06/2023;Utility Statement;Monthly;810529.58333
BRIA;01/04/2023;Utility Statement;Monthly;1719832.08333
BRIA;01/05/2023;Utility Statement;Monthly;2231623.25
BRIA;01/06/2023;Utility Statement;Monthly;2602381.75
BRIY;01/01/2023;Utility Statement;Monthly;1690862.16667
BRIY;01/02/2023;Utility Statement;Monthly;847319.5
BRIY;01/03/2023;Utility Statement;Monthly;1611807.41667
BRIY;01/04/2023;Utility Statement;Monthly;949392.33333
BRIY;01/05/2023;Utility Statement;Monthly;915149.83333
BRIY;01/06/2023;Utility Statement;Monthly;585947.33333
BTS1;01/01/2023;Utility Statement;Monthly;3699372.33333
BTS1;01/02/2023;Utility Statement;Monthly;1986789.5
BTS1;01/03/2023;Utility Statement;Monthly;3935106.83333
BTS1;01/04/2023;Utility Statement;Monthly;2197709.16667
BTS1;01/05/2023;Utility Statement;Monthly;2206216.83333
BTS1;01/06/2023;Utility Statement;Monthly;1324932.41667
BTS2;01/01/2023;Utility Statement;Monthly;3034336.83333
BTS2;01/02/2023;Utility Statement;Monthly;1887287.16667
BTS2;01/03/2023;Utility Statement;Monthly;3801286.83333
BTS2;01/04/2023;Utility Statement;Monthly;2096584.0
BTS2;01/05/2023;Utility Statement;Monthly;1987324.0
BTS2;01/06/2023;Utility Statement;Monthly;1160603.16667
BVER;01/01/2023;Utility Statement;Monthly;2004743.16667
BVER;01/02/2023;Utility Statement;Monthly;1125063.5
BVER;01/03/2023;Utility Statement;Monthly;2636963.5
BVER;01/04/2023;Utility Statement;Monthly;1996131.41667
BVER;01/05/2023;Utility Statement;Monthly;1589164.91667
BVER;01/06/2023;Utility Statement;Monthly;1165588.66667
CAMB;01/01/2023;Utility Statement;Monthly;4503031.5
CAMB;01/02/2023;Utility Statement;Monthly;2762890.33333
CAMB;01/03/2023;Utility Statement;Monthly;3085208.41667
CAMB;01/04/2023;Utility Statement;Monthly;3126812.75
CAMB;01/05/2023;Utility Statement;Monthly;3533665.66667
CAMB;01/06/2023;Utility Statement;Monthly;2135494.33333
CARN;01/01/2023;Utility Statement;Monthly;7361415.66667
CARN;01/02/2023;Utility Statement;Monthly;4345227.16667
CARN;01/03/2023;Utility Statement;Monthly;5684955.16667
CARN;01/04/2023;Utility Statement;Monthly;3793691.16667
CARN;01/05/2023;Utility Statement;Monthly;3359732.75
CARN;01/06/2023;Utility Statement;Monthly;2436138.91667
CASH;01/01/2023;Utility Statement;Monthly;1616913.16667
CASH;01/02/2023;Utility Statement;Monthly;1783581.16667
CASH;01/03/2023;Utility Statement;Monthly;2117186.0
CASH;01/04/2023;Utility Statement;Monthly;2223432.0
CASH;01/05/2023;Utility Statement;Monthly;1978406.83333
CASH;01/06/2023;Utility Statement;Monthly;1212784.75
CDBO;01/01/2023;Utility Statement;Monthly;6599379.16667
CDBO;01/02/2023;Utility Statement;Monthly;2952885.16667
CDBO;01/03/2023;Utility Statement;Monthly;6580843.0
CDBO;01/04/2023;Utility Statement;Monthly;3835428.5
CDBO;01/05/2023;Utility Statement;Monthly;3844248.41667
CDBO;01/06/2023;Utility Statement;Monthly;2035669.5
CEFF;01/01/2023;Utility Statement;Monthly;2861215.5
CEFF;01/02/2023;Utility Statement;Monthly;1480264.0
CEFF;01/03/2023;Utility Statement;Monthly;2291291.25
CEFF;01/04/2023;Utility Statement;Monthly;1511362.58333
CEFF;01/05/2023;Utility Statement;Monthly;1004024.33333
CEFF;01/06/2023;Utility Statement;Monthly;688804.75
CEP1;01/01/2023;Utility Statement;Monthly;3829889.16667
CEP1;01/02/2023;Utility Statement;Monthly;2122582.33333
CEP1;01/03/2023;Utility Statement;Monthly;3487390.41667
CEP1;01/04/2023;Utility Statement;Monthly;2325278.83333
CEP1;01/05/2023;Utility Statement;Monthly;2462607.16667
CEP1;01/06/2023;Utility Statement;Monthly;1237108.41667
CEP2;01/01/2023;Utility Statement;Monthly;2234967.5
CEP2;01/02/2023;Utility Statement;Monthly;1685459.16667
CEP2;01/03/2023;Utility Statement;Monthly;2900158.33333
CEP2;01/04/2023;Utility Statement;Monthly;1814650.0
CEP2;01/05/2023;Utility Statement;Monthly;1955777.66667
CEP2;01/06/2023;Utility Statement;Monthly;986099.16667
CHAG;01/01/2023;Utility Statement;Monthly;141298.83333
CHAG;01/02/2023;Utility Statement;Monthly;301047.5
CHAG;01/03/2023;Utility Statement;Monthly;426099.08333
CHAG;01/04/2023;Utility Statement;Monthly;526936.0
CHAG;01/05/2023;Utility Statement;Monthly;625982.75
CHAG;01/06/2023;Utility Statement;Monthly;733961.25
CHGO;01/01/2023;Utility Statement;Monthly;5667853.83333
CHGO;01/02/2023;Utility Statement;Monthly;2445120.66667
CHGO;01/03/2023;Utility Statement;Monthly;4833379.16667
CHGO;01/04/2023;Utility Statement;Monthly;3319267.16667
CHGO;01/05/2023;Utility Statement;Monthly;2659841.08333
CHGO;01/06/2023;Utility Statement;Monthly;1069315.91667
CLA2;01/01/2023;Utility Statement;Monthly;1501855.5
CLA2;01/02/2023;Utility Statement;Monthly;682305.5
CLA2;01/03/2023;Utility Statement;Monthly;1346258.91667
CLA2;01/04/2023;Utility Statement;Monthly;742954.5
CLA2;01/05/2023;Utility Statement;Monthly;634867.41667
CLA2;01/06/2023;Utility Statement;Monthly;280147.83333
CLAM;01/01/2023;Utility Statement;Monthly;2711357.66667
CLAM;01/02/2023;Utility Statement;Monthly;1411172.83333
CLAM;01/03/2023;Utility Statement;Monthly;2601545.0
CLAM;01/04/2023;Utility Statement;Monthly;1458644.91667
CLAM;01/05/2023;Utility Statement;Monthly;1188329.75
CLAM;01/06/2023;Utility Statement;Monthly;518974.16667
CLAN;01/01/2023;Utility Statement;Monthly;4646873.66667
CLAN;01/02/2023;Utility Statement;Monthly;2626229.66667
CLAN;01/03/2023;Utility Statement;Monthly;4587096.58333
CLAN;01/04/2023;Utility Statement;Monthly;3022818.16667
CLAN;01/05/2023;Utility Statement;Monthly;2937394.58333
CLAN;01/06/2023;Utility Statement;Monthly;2224646.41667
CLIT;01/01/2023;Utility Statement;Monthly;666018.66667
CLIT;01/02/2023;Utility Statement;Monthly;390755.33333
CLIT;01/03/2023;Utility Statement;Monthly;625376.5
CLIT;01/04/2023;Utility Statement;Monthly;324047.66667
CLIT;01/05/2023;Utility Statement;Monthly;327614.33333
CLIT;01/06/2023;Utility Statement;Monthly;312015.58333
COLB;01/04/2023;Utility Statement;Monthly;570894.83333
COLB;01/05/2023;Utility Statement;Monthly;718301.33333
COLB;01/06/2023;Utility Statement;Monthly;840488.41667
CONI;01/01/2023;Utility Statement;Monthly;4314124.83333
CONI;01/02/2023;Utility Statement;Monthly;2680050.0
CONI;01/03/2023;Utility Statement;Monthly;3112920.33333
CONI;01/04/2023;Utility Statement;Monthly;3135996.41667
CONI;01/05/2023;Utility Statement;Monthly;3324698.83333
CONI;01/06/2023;Utility Statement;Monthly;2203667.16667
COT1;01/01/2023;Utility Statement;Monthly;3235301.5
COT1;01/02/2023;Utility Statement;Monthly;1673689.33333
COT1;01/03/2023;Utility Statement;Monthly;2797511.5
COT1;01/04/2023;Utility Statement;Monthly;1897833.66667
COT1;01/05/2023;Utility Statement;Monthly;2301495.5
COT1;01/06/2023;Utility Statement;Monthly;984328.66667
COT2;01/01/2023;Utility Statement;Monthly;3436064.5
COT2;01/02/2023;Utility Statement;Monthly;1590927.5
COT2;01/03/2023;Utility Statement;Monthly;3060201.91667
COT2;01/04/2023;Utility Statement;Monthly;1791923.16667
COT2;01/05/2023;Utility Statement;Monthly;1059307.0
COT2;01/06/2023;Utility Statement;Monthly;429157.75
COT3;01/01/2023;Utility Statement;Monthly;3178551.0
COT3;01/02/2023;Utility Statement;Monthly;1661106.16667
COT3;01/03/2023;Utility Statement;Monthly;2735246.08333
COT3;01/04/2023;Utility Statement;Monthly;1648094.0
COT3;01/05/2023;Utility Statement;Monthly;1505526.66667
COT3;01/06/2023;Utility Statement;Monthly;617118.5
COT4;01/01/2023;Utility Statement;Monthly;2303904.0
COT4;01/02/2023;Utility Statement;Monthly;1239347.83333
COT4;01/03/2023;Utility Statement;Monthly;2195921.0
COT4;01/04/2023;Utility Statement;Monthly;1456867.16667
COT4;01/05/2023;Utility Statement;Monthly;1390396.16667
COT4;01/06/2023;Utility Statement;Monthly;689993.33333
COUR;01/01/2023;Utility Statement;Monthly;2089138.66667
COUR;01/02/2023;Utility Statement;Monthly;1335015.16667
COUR;01/03/2023;Utility Statement;Monthly;3194180.75
COUR;01/04/2023;Utility Statement;Monthly;1794863.25
COUR;01/05/2023;Utility Statement;Monthly;1605007.58333
COUR;01/06/2023;Utility Statement;Monthly;975825.58333
DEM1;01/01/2023;Utility Statement;Monthly;2896380.5
DEM1;01/02/2023;Utility Statement;Monthly;1783701.83333
DEM1;01/03/2023;Utility Statement;Monthly;2785389.0
DEM1;01/04/2023;Utility Statement;Monthly;2012352.5
DEM1;01/05/2023;Utility Statement;Monthly;2048264.41667
DEM1;01/06/2023;Utility Statement;Monthly;1221749.83333
DEM2;01/01/2023;Utility Statement;Monthly;3464023.0
DEM2;01/02/2023;Utility Statement;Monthly;2256355.5
DEM2;01/03/2023;Utility Statement;Monthly;3486534.91667
DEM2;01/04/2023;Utility Statement;Monthly;2516275.08333
DEM2;01/05/2023;Utility Statement;Monthly;2546354.08333
DEM2;01/06/2023;Utility Statement;Monthly;1491965.41667
DIE2;01/06/2023;Utility Statement;Monthly;1748550.83333
DIJO;01/01/2023;Utility Statement;Monthly;416225.16667
DIJO;01/02/2023;Utility Statement;Monthly;1047282.83333
DIJO;01/03/2023;Utility Statement;Monthly;1507233.0
DIJO;01/04/2023;Utility Statement;Monthly;1860059.0
DIJO;01/05/2023;Utility Statement;Monthly;2202547.0
DIJO;01/06/2023;Utility Statement;Monthly;2572942.25
ERIZ;01/01/2023;Utility Statement;Monthly;2725914.66667
ERIZ;01/02/2023;Utility Statement;Monthly;1807838.5
ERIZ;01/03/2023;Utility Statement;Monthly;2528287.58333
ERIZ;01/04/2023;Utility Statement;Monthly;1356411.91667
ERIZ;01/05/2023;Utility Statement;Monthly;1248621.58333
ERIZ;01/06/2023;Utility Statement;Monthly;588119.75
ESPI;01/01/2023;Utility Statement;Monthly;1956160.83333
ESPI;01/02/2023;Utility Statement;Monthly;1119386.83333
ESPI;01/03/2023;Utility Statement;Monthly;1870391.75
ESPI;01/04/2023;Utility Statement;Monthly;1400348.41667
ESPS;01/01/2023;Utility Statement;Monthly;2146234.5
ESPS;01/02/2023;Utility Statement;Monthly;1871794.0
ESPS;01/03/2023;Utility Statement;Monthly;2785334.25
ESPS;01/04/2023;Utility Statement;Monthly;2191557.25
ESPS;01/05/2023;Utility Statement;Monthly;3518503.0
ESPS;01/06/2023;Utility Statement;Monthly;2049442.41667
EYGU;01/04/2023;Utility Statement;Monthly;1898366.16667
EYGU;01/05/2023;Utility Statement;Monthly;1822677.0
EYGU;01/06/2023;Utility Statement;Monthly;1875232.16667
FAYD;01/01/2023;Utility Statement;Monthly;1285688.16667
FAYD;01/02/2023;Utility Statement;Monthly;1381901.33333
FAYD;01/03/2023;Utility Statement;Monthly;2615525.58333
FAYD;01/04/2023;Utility Statement;Monthly;2383042.91667
FAYD;01/05/2023;Utility Statement;Monthly;1640972.0
FAYD;01/06/2023;Utility Statement;Monthly;1198454.08333
FECA;01/01/2023;Utility Statement;Monthly;876098.83333
FECA;01/02/2023;Utility Statement;Monthly;792897.33333
FECA;01/03/2023;Utility Statement;Monthly;1192838.16667
FECA;01/04/2023;Utility Statement;Monthly;620801.0
FECA;01/05/2023;Utility Statement;Monthly;916958.0
FECA;01/06/2023;Utility Statement;Monthly;770328.0
FEND;01/01/2023;Utility Statement;Monthly;186305.0
FEND;01/02/2023;Utility Statement;Monthly;425572.66667
FEND;01/03/2023;Utility Statement;Monthly;514844.08333
FEND;01/04/2023;Utility Statement;Monthly;608187.25
FEND;01/05/2023;Utility Statement;Monthly;624903.16667
FEND;01/06/2023;Utility Statement;Monthly;689810.58333
FIEN;01/01/2023;Utility Statement;Monthly;3178205.83333
FIEN;01/02/2023;Utility Statement;Monthly;2131732.33333
FIEN;01/03/2023;Utility Statement;Monthly;3805047.5
FIEN;01/04/2023;Utility Statement;Monthly;1935999.41667
FIEN;01/05/2023;Utility Statement;Monthly;1629753.08333
FIEN;01/06/2023;Utility Statement;Monthly;1672118.0
FITO;01/01/2023;Utility Statement;Monthly;3541805.5
FITO;01/02/2023;Utility Statement;Monthly;1758542.0
FITO;01/03/2023;Utility Statement;Monthly;2133342.0
FITO;01/04/2023;Utility Statement;Monthly;1909145.25
FITO;01/05/2023;Utility Statement;Monthly;2454254.33333
FITO;01/06/2023;Utility Statement;Monthly;1835502.41667
FOSS;01/01/2023;Utility Statement;Monthly;755744.5
FOSS;01/02/2023;Utility Statement;Monthly;1008273.83333
FOSS;01/03/2023;Utility Statement;Monthly;1401932.91667
FOSS;01/04/2023;Utility Statement;Monthly;1830721.25
FOSS;01/05/2023;Utility Statement;Monthly;1474121.91667
FOSS;01/06/2023;Utility Statement;Monthly;1764852.25
FRA1;01/01/2023;Utility Statement;Monthly;1296549.83333
FRA1;01/02/2023;Utility Statement;Monthly;1179028.33333
FRA1;01/03/2023;Utility Statement;Monthly;0.0
FRA1;01/04/2023;Utility Statement;Monthly;1113062.0
FRA1;01/05/2023;Utility Statement;Monthly;1335209.25
FRA1;01/06/2023;Utility Statement;Monthly;974189.58333
FRA2;01/01/2023;Utility Statement;Monthly;2491756.0
FRA2;01/02/2023;Utility Statement;Monthly;1650827.5
FRA2;01/03/2023;Utility Statement;Monthly;905457.16667
FRA2;01/04/2023;Utility Statement;Monthly;1888416.83333
FRA2;01/05/2023;Utility Statement;Monthly;1897104.83333
FRA2;01/06/2023;Utility Statement;Monthly;1324779.58333
FREY;01/01/2023;Utility Statement;Monthly;2982537.16667
FREY;01/02/2023;Utility Statement;Monthly;2600230.33333
FREY;01/03/2023;Utility Statement;Monthly;2871811.58333
FREY;01/04/2023;Utility Statement;Monthly;2267437.25
FREY;01/05/2023;Utility Statement;Monthly;2419231.16667
FREY;01/06/2023;Utility Statement;Monthly;1500103.25
GAB1;01/01/2023;Utility Statement;Monthly;383548.83333
GAB1;01/02/2023;Utility Statement;Monthly;914604.66667
GAB1;01/03/2023;Utility Statement;Monthly;925114.0
GAB1;01/04/2023;Utility Statement;Monthly;1088965.58333
GAB1;01/05/2023;Utility Statement;Monthly;1254000.83333
GAB1;01/06/2023;Utility Statement;Monthly;1121072.0
GAB4;01/01/2023;Utility Statement;Monthly;382326.66667
GAB4;01/02/2023;Utility Statement;Monthly;957798.0
GAB4;01/03/2023;Utility Statement;Monthly;962837.66667
GAB4;01/04/2023;Utility Statement;Monthly;910223.58333
GAB4;01/05/2023;Utility Statement;Monthly;1016312.0
GAB4;01/06/2023;Utility Statement;Monthly;1070843.0
GAB7;01/01/2023;Utility Statement;Monthly;73345.0
GAB7;01/02/2023;Utility Statement;Monthly;236024.83333
GAB7;01/03/2023;Utility Statement;Monthly;205676.91667
GAB7;01/04/2023;Utility Statement;Monthly;255809.0
GAB7;01/05/2023;Utility Statement;Monthly;263862.0
GAB7;01/06/2023;Utility Statement;Monthly;235753.66667
GABT;01/01/2023;Utility Statement;Monthly;72570.16667
GABT;01/02/2023;Utility Statement;Monthly;205673.16667
GABT;01/03/2023;Utility Statement;Monthly;219114.83333
GABT;01/04/2023;Utility Statement;Monthly;292013.25
GABT;01/05/2023;Utility Statement;Monthly;327885.75
GABT;01/06/2023;Utility Statement;Monthly;295957.41667
GAR1;01/01/2023;Utility Statement;Monthly;3003693.66667
GAR1;01/02/2023;Utility Statement;Monthly;1402114.66667
GAR1;01/03/2023;Utility Statement;Monthly;3006734.0
GAR1;01/04/2023;Utility Statement;Monthly;1706112.0
GAR1;01/05/2023;Utility Statement;Monthly;1635523.58333
GAR1;01/06/2023;Utility Statement;Monthly;926668.83333
GAR2;01/01/2023;Utility Statement;Monthly;2742946.83333
GAR2;01/02/2023;Utility Statement;Monthly;1234911.16667
GAR2;01/03/2023;Utility Statement;Monthly;2775179.16667
GAR2;01/04/2023;Utility Statement;Monthly;1593989.66667
GAR2;01/05/2023;Utility Statement;Monthly;1496078.75
GAR2;01/06/2023;Utility Statement;Monthly;826274.41667
GRGT;01/01/2023;Utility Statement;Monthly;429087.83333
GRGT;01/02/2023;Utility Statement;Monthly;968841.83333
GRGT;01/03/2023;Utility Statement;Monthly;1331665.25
GRGT;01/04/2023;Utility Statement;Monthly;1748874.66667
GRGT;01/05/2023;Utility Statement;Monthly;1876929.83333
GRGT;01/06/2023;Utility Statement;Monthly;2128291.33333
GRPL;01/01/2023;Utility Statement;Monthly;3509592.33333
GRPL;01/02/2023;Utility Statement;Monthly;1559620.0
GRPL;01/03/2023;Utility Statement;Monthly;3758965.66667
GRPL;01/04/2023;Utility Statement;Monthly;1847935.58333
GRPL;01/05/2023;Utility Statement;Monthly;2261282.41667
GRPL;01/06/2023;Utility Statement;Monthly;959219.58333
GUIL;01/01/2023;Utility Statement;Monthly;6435604.0
GUIL;01/02/2023;Utility Statement;Monthly;3402371.0
GUIL;01/03/2023;Utility Statement;Monthly;6031815.91667
GUIL;01/04/2023;Utility Statement;Monthly;3814401.5
GUIL;01/05/2023;Utility Statement;Monthly;3769073.16667
GUIL;01/06/2023;Utility Statement;Monthly;2071059.75
HAB1;01/01/2023;Utility Statement;Monthly;3635592.33333
HAB1;01/02/2023;Utility Statement;Monthly;1764278.66667
HAB1;01/03/2023;Utility Statement;Monthly;3365262.41667
HAB1;01/04/2023;Utility Statement;Monthly;1834513.16667
HAB1;01/05/2023;Utility Statement;Monthly;1812848.0
HAB1;01/06/2023;Utility Statement;Monthly;1098186.0
HAB2;01/01/2023;Utility Statement;Monthly;3063836.0
HAB2;01/02/2023;Utility Statement;Monthly;1519565.5
HAB2;01/03/2023;Utility Statement;Monthly;2850901.16667
HAB2;01/04/2023;Utility Statement;Monthly;1508255.25
HAB2;01/05/2023;Utility Statement;Monthly;1391458.75
HAB2;01/06/2023;Utility Statement;Monthly;844939.58333
HENI;01/01/2023;Utility Statement;Monthly;1896097.83333
HENI;01/02/2023;Utility Statement;Monthly;855647.5
HENI;01/03/2023;Utility Statement;Monthly;1736112.25
HENI;01/04/2023;Utility Statement;Monthly;895940.58333
HENI;01/05/2023;Utility Statement;Monthly;703278.16667
HENI;01/06/2023;Utility Statement;Monthly;310544.0
HERO;01/01/2023;Utility Statement;Monthly;1057895.5
HERO;01/02/2023;Utility Statement;Monthly;839582.33333
HERO;01/03/2023;Utility Statement;Monthly;2236299.58333
HERO;01/04/2023;Utility Statement;Monthly;1047439.66667
HERO;01/05/2023;Utility Statement;Monthly;1233909.16667
HERO;01/06/2023;Utility Statement;Monthly;729761.16667
JADE;01/01/2023;Utility Statement;Monthly;2495177.5
JADE;01/02/2023;Utility Statement;Monthly;1179995.33333
JADE;01/03/2023;Utility Statement;Monthly;2355595.16667
JADE;01/04/2023;Utility Statement;Monthly;1655893.25
JADE;01/05/2023;Utility Statement;Monthly;1438206.41667
JADE;01/06/2023;Utility Statement;Monthly;806262.75
JON2;01/01/2023;Utility Statement;Monthly;1181021.83333
JON2;01/02/2023;Utility Statement;Monthly;857444.16667
JON2;01/03/2023;Utility Statement;Monthly;1125245.83333
JON2;01/04/2023;Utility Statement;Monthly;1095318.08333
JON2;01/05/2023;Utility Statement;Monthly;873046.08333
JON2;01/06/2023;Utility Statement;Monthly;321817.91667
JONC;01/01/2023;Utility Statement;Monthly;3314674.33333
JONC;01/02/2023;Utility Statement;Monthly;1756956.33333
JONC;01/03/2023;Utility Statement;Monthly;1854260.41667
JONC;01/04/2023;Utility Statement;Monthly;1977637.58333
JONC;01/05/2023;Utility Statement;Monthly;1592121.16667
JONC;01/06/2023;Utility Statement;Monthly;689992.83333
LAGN;01/01/2023;Utility Statement;Monthly;88057.5
LAGN;01/02/2023;Utility Statement;Monthly;246202.5
LAGN;01/03/2023;Utility Statement;Monthly;270835.75
LAGN;01/04/2023;Utility Statement;Monthly;316007.66667
LAGN;01/05/2023;Utility Statement;Monthly;358476.83333
LAGN;01/06/2023;Utility Statement;Monthly;440252.83333
LANE;01/01/2023;Utility Statement;Monthly;2788928.83333
LANE;01/02/2023;Utility Statement;Monthly;1558443.5
LANE;01/03/2023;Utility Statement;Monthly;2438446.0
LANE;01/04/2023;Utility Statement;Monthly;1439908.5
LANE;01/05/2023;Utility Statement;Monthly;969199.5
LANE;01/06/2023;Utility Statement;Monthly;399884.33333
LAPI;01/01/2023;Utility Statement;Monthly;2476806.83333
LAPI;01/02/2023;Utility Statement;Monthly;1187535.16667
LAPI;01/03/2023;Utility Statement;Monthly;1519491.25
LAPI;01/04/2023;Utility Statement;Monthly;1148651.58333
LAPI;01/05/2023;Utility Statement;Monthly;1046367.58333
LAPI;01/06/2023;Utility Statement;Monthly;626166.0
LBDF;01/01/2023;Utility Statement;Monthly;2087772.33333
LBDF;01/02/2023;Utility Statement;Monthly;944289.16667
LBDF;01/03/2023;Utility Statement;Monthly;2703568.16667
LBDF;01/04/2023;Utility Statement;Monthly;1303470.0
LBDF;01/05/2023;Utility Statement;Monthly;1926629.91667
LBDF;01/06/2023;Utility Statement;Monthly;831040.33333
LDTE;01/01/2023;Utility Statement;Monthly;1814138.16667
LDTE;01/02/2023;Utility Statement;Monthly;1006110.83333
LDTE;01/03/2023;Utility Statement;Monthly;2476104.0
LDTE;01/04/2023;Utility Statement;Monthly;1194653.41667
LDTE;01/05/2023;Utility Statement;Monthly;2378263.83333
LDTE;01/06/2023;Utility Statement;Monthly;1005552.91667
LEMO;01/01/2023;Utility Statement;Monthly;4074005.5
LEMO;01/02/2023;Utility Statement;Monthly;2118124.83333
LEMO;01/03/2023;Utility Statement;Monthly;3736919.16667
LEMO;01/04/2023;Utility Statement;Monthly;2448338.41667
LEMO;01/05/2023;Utility Statement;Monthly;2724538.41667
LEMO;01/06/2023;Utility Statement;Monthly;1318280.75
LEPI;01/01/2023;Utility Statement;Monthly;2466411.66667
LEPI;01/02/2023;Utility Statement;Monthly;1221998.66667
LEPI;01/03/2023;Utility Statement;Monthly;2228997.25
LEPI;01/04/2023;Utility Statement;Monthly;1311127.16667
LEPI;01/05/2023;Utility Statement;Monthly;1003972.83333
LEPI;01/06/2023;Utility Statement;Monthly;710288.33333
LERO;01/01/2023;Utility Statement;Monthly;882426.5
LERO;01/02/2023;Utility Statement;Monthly;432981.16667
LERO;01/03/2023;Utility Statement;Monthly;1066743.75
LERO;01/04/2023;Utility Statement;Monthly;592410.91667
LERO;01/05/2023;Utility Statement;Monthly;761557.75
LERO;01/06/2023;Utility Statement;Monthly;330983.41667
LOMO;01/01/2023;Utility Statement;Monthly;4280954.5
LOMO;01/02/2023;Utility Statement;Monthly;2726128.33333
LOMO;01/03/2023;Utility Statement;Monthly;4574702.08333
LOMO;01/04/2023;Utility Statement;Monthly;2776031.58333
LOMO;01/05/2023;Utility Statement;Monthly;3097683.33333
LOMO;01/06/2023;Utility Statement;Monthly;1382283.58333
LOPV;01/01/2023;Utility Statement;Monthly;2814081.16667
LOPV;01/02/2023;Utility Statement;Monthly;2224773.16667
LOPV;01/03/2023;Utility Statement;Monthly;2200352.0
LOPV;01/04/2023;Utility Statement;Monthly;2384152.41667
LOPV;01/05/2023;Utility Statement;Monthly;2101536.0
LOPV;01/06/2023;Utility Statement;Monthly;1312297.58333
LORO;01/01/2023;Utility Statement;Monthly;15013987.0
LORO;01/02/2023;Utility Statement;Monthly;6609760.5
LORO;01/03/2023;Utility Statement;Monthly;12620322.91667
LORO;01/04/2023;Utility Statement;Monthly;6753365.58333
LORO;01/05/2023;Utility Statement;Monthly;5611233.5
LORO;01/06/2023;Utility Statement;Monthly;2441353.5
LOU2;01/01/2023;Utility Statement;Monthly;171260.83333
LOU2;01/02/2023;Utility Statement;Monthly;317453.5
LOU2;01/03/2023;Utility Statement;Monthly;353549.0
LOU2;01/04/2023;Utility Statement;Monthly;361034.16667
LOU2;01/05/2023;Utility Statement;Monthly;324619.58333
LOU2;01/06/2023;Utility Statement;Monthly;190813.33333
LOYE;01/01/2023;Utility Statement;Monthly;154879.83333
LOYE;01/02/2023;Utility Statement;Monthly;403950.33333
LOYE;01/03/2023;Utility Statement;Monthly;470480.0
LOYE;01/04/2023;Utility Statement;Monthly;588729.58333
LOYE;01/05/2023;Utility Statement;Monthly;642271.41667
LOYE;01/06/2023;Utility Statement;Monthly;796134.75
LUC2;01/01/2023;Utility Statement;Monthly;4170757.16667
LUC2;01/02/2023;Utility Statement;Monthly;2438165.66667
LUC2;01/03/2023;Utility Statement;Monthly;2758310.33333
LUC2;01/04/2023;Utility Statement;Monthly;2825279.25
LUC2;01/05/2023;Utility Statement;Monthly;3094638.41667
LUC2;01/06/2023;Utility Statement;Monthly;1884982.0
LUCO;01/01/2023;Utility Statement;Monthly;3859615.16667
LUCO;01/02/2023;Utility Statement;Monthly;2249497.0
LUCO;01/03/2023;Utility Statement;Monthly;2454678.16667
LUCO;01/04/2023;Utility Statement;Monthly;2473992.91667
LUCO;01/05/2023;Utility Statement;Monthly;2609464.83333
LUCO;01/06/2023;Utility Statement;Monthly;1218070.91667
LUX1;01/01/2023;Utility Statement;Monthly;194265.83333
LUX1;01/02/2023;Utility Statement;Monthly;572947.33333
LUX1;01/03/2023;Utility Statement;Monthly;806028.33333
LUX1;01/04/2023;Utility Statement;Monthly;1020045.5
LUX1;01/05/2023;Utility Statement;Monthly;1221017.83333
LUX1;01/06/2023;Utility Statement;Monthly;1348818.83333
MACH;01/01/2023;Utility Statement;Monthly;1874286.16667
MACH;01/02/2023;Utility Statement;Monthly;1160124.83333
MACH;01/03/2023;Utility Statement;Monthly;2187279.0
MACH;01/04/2023;Utility Statement;Monthly;1139557.25
MACH;01/05/2023;Utility Statement;Monthly;1205692.33333
MACH;01/06/2023;Utility Statement;Monthly;479359.25
MAG1;01/01/2023;Utility Statement;Monthly;2570877.16667
MAG1;01/02/2023;Utility Statement;Monthly;1513141.83333
MAG1;01/03/2023;Utility Statement;Monthly;2169123.41667
MAG1;01/04/2023;Utility Statement;Monthly;1467277.16667
MAG1;01/05/2023;Utility Statement;Monthly;1667844.58333
MAG1;01/06/2023;Utility Statement;Monthly;1267808.66667
MAG3;01/01/2023;Utility Statement;Monthly;1216886.16667
MAG3;01/02/2023;Utility Statement;Monthly;973526.16667
MAG3;01/03/2023;Utility Statement;Monthly;1242452.0
MAG3;01/04/2023;Utility Statement;Monthly;882896.58333
MAG3;01/05/2023;Utility Statement;Monthly;853250.58333
MAG3;01/06/2023;Utility Statement;Monthly;639658.0
MANO;01/01/2023;Utility Statement;Monthly;265942.0
MANO;01/02/2023;Utility Statement;Monthly;339991.83333
MANO;01/03/2023;Utility Statement;Monthly;509440.41667
MANO;01/04/2023;Utility Statement;Monthly;583053.0
MANO;01/05/2023;Utility Statement;Monthly;541263.25
MANO;01/06/2023;Utility Statement;Monthly;563786.58333
MAUR;01/01/2023;Utility Statement;Monthly;2178703.16667
MAUR;01/02/2023;Utility Statement;Monthly;930167.66667
MAUR;01/03/2023;Utility Statement;Monthly;2800295.66667
MAUR;01/04/2023;Utility Statement;Monthly;1065574.83333
MAUR;01/06/2023;Utility Statement;Monthly;626889.25
MAZE;02/04/2023;Utility Statement;Monthly;346367.91667
MAZE;01/05/2023;Utility Statement;Monthly;323380.0
MAZE;01/06/2023;Utility Statement;Monthly;450166.75
MAZU;01/01/2023;Utility Statement;Monthly;4060692.16667
MAZU;01/02/2023;Utility Statement;Monthly;2383468.5
MAZU;01/03/2023;Utility Statement;Monthly;4132448.0
MAZU;01/04/2023;Utility Statement;Monthly;2575811.25
MAZU;01/05/2023;Utility Statement;Monthly;2566699.0
MAZU;01/06/2023;Utility Statement;Monthly;1590154.25
MDR1;01/01/2023;Utility Statement;Monthly;185463.83333
MDR1;01/02/2023;Utility Statement;Monthly;475455.66667
MDR1;01/03/2023;Utility Statement;Monthly;468696.91667
MDR1;01/04/2023;Utility Statement;Monthly;729720.58333
MDR1;01/05/2023;Utility Statement;Monthly;853288.75
MDR1;01/06/2023;Utility Statement;Monthly;544788.33333
MODF;01/01/2023;Utility Statement;Monthly;2975684.0
MODF;01/02/2023;Utility Statement;Monthly;1767055.5
MODF;01/03/2023;Utility Statement;Monthly;2681816.66667
MODF;01/04/2023;Utility Statement;Monthly;1404384.83333
MODF;01/05/2023;Utility Statement;Monthly;1307803.16667
MODF;01/06/2023;Utility Statement;Monthly;1229874.0
MOTG;01/01/2023;Utility Statement;Monthly;4966634.83333
MOTG;01/02/2023;Utility Statement;Monthly;3575566.33333
MOTG;01/03/2023;Utility Statement;Monthly;4676575.66667
MOTG;01/04/2023;Utility Statement;Monthly;2787847.41667
MOTG;01/05/2023;Utility Statement;Monthly;2446113.66667
MOTG;01/06/2023;Utility Statement;Monthly;1803469.0
MTL1;01/01/2023;Utility Statement;Monthly;2200591.5
MTL1;01/02/2023;Utility Statement;Monthly;1755595.66667
MTL1;01/03/2023;Utility Statement;Monthly;2518707.16667
MTL1;01/04/2023;Utility Statement;Monthly;2018556.33333
MTL1;01/05/2023;Utility Statement;Monthly;1764984.41667
MTL1;01/06/2023;Utility Statement;Monthly;942374.08333
NAC1;01/01/2023;Utility Statement;Monthly;3198157.0
NAC1;01/02/2023;Utility Statement;Monthly;2253090.66667
NAC1;01/03/2023;Utility Statement;Monthly;3246958.66667
NAC1;01/04/2023;Utility Statement;Monthly;2683569.83333
NAC1;01/05/2023;Utility Statement;Monthly;2955092.91667
NAC1;01/06/2023;Utility Statement;Monthly;1167105.83333
NAC2;01/01/2023;Utility Statement;Monthly;2293483.0
NAC2;01/02/2023;Utility Statement;Monthly;1867517.0
NAC2;01/03/2023;Utility Statement;Monthly;2524079.66667
NAC2;01/04/2023;Utility Statement;Monthly;2007683.25
NAC2;01/05/2023;Utility Statement;Monthly;2300620.16667
NAC2;01/06/2023;Utility Statement;Monthly;917364.25
NARB;01/01/2023;Utility Statement;Monthly;382834.5
NARB;01/02/2023;Utility Statement;Monthly;533120.16667
NARB;01/03/2023;Utility Statement;Monthly;685322.41667
NARB;01/04/2023;Utility Statement;Monthly;835103.41667
NARB;01/05/2023;Utility Statement;Monthly;970898.58333
NARB;01/06/2023;Utility Statement;Monthly;978324.33333
NIED;01/01/2023;Utility Statement;Monthly;3142094.0
NIED;01/02/2023;Utility Statement;Monthly;2105438.66667
NIED;01/03/2023;Utility Statement;Monthly;2751496.66667
NIED;01/04/2023;Utility Statement;Monthly;1650780.0
NIED;01/05/2023;Utility Statement;Monthly;1092737.25
NIED;01/06/2023;Utility Statement;Monthly;911200.25
NIEV;01/01/2023;Utility Statement;Monthly;437181.5
NIEV;01/02/2023;Utility Statement;Monthly;1092072.66667
NIEV;01/03/2023;Utility Statement;Monthly;1304957.33333
NIEV;01/04/2023;Utility Statement;Monthly;1664302.75
NIEV;01/05/2023;Utility Statement;Monthly;1829737.66667
NIEV;01/06/2023;Utility Statement;Monthly;2209704.16667
NIPL;01/01/2023;Utility Statement;Monthly;1908636.33333
NIPL;01/02/2023;Utility Statement;Monthly;897756.0
NIPL;01/03/2023;Utility Statement;Monthly;1287701.58333
NIPL;01/04/2023;Utility Statement;Monthly;674078.83333
NIPL;01/05/2023;Utility Statement;Monthly;649564.0
NIPL;01/06/2023;Utility Statement;Monthly;426578.83333
NITR;01/04/2023;Utility Statement;Monthly;405184.83333
NITR;01/05/2023;Utility Statement;Monthly;468337.41667
NITR;01/06/2023;Utility Statement;Monthly;617807.0
NOUR;01/01/2023;Utility Statement;Monthly;1888186.66667
NOUR;01/02/2023;Utility Statement;Monthly;1023653.66667
NOUR;01/03/2023;Utility Statement;Monthly;2469124.75
NOUR;01/04/2023;Utility Statement;Monthly;1209971.58333
NOUR;01/05/2023;Utility Statement;Monthly;1453874.41667
NOUR;01/06/2023;Utility Statement;Monthly;657298.0
OTTM;01/06/2023;Utility Statement;Monthly;2598105.66667
OUPI;01/01/2023;Utility Statement;Monthly;2603745.83333
OUPI;01/02/2023;Utility Statement;Monthly;1922504.66667
OUPI;01/03/2023;Utility Statement;Monthly;1380594.83333
OUPI;01/04/2023;Utility Statement;Monthly;0.0
OUPI;01/05/2023;Utility Statement;Monthly;0.0
OUPI;01/06/2023;Utility Statement;Monthly;0.0
PAAN;01/01/2023;Utility Statement;Monthly;8092917.83333
PAAN;01/02/2023;Utility Statement;Monthly;4887181.16667
PAAN;01/03/2023;Utility Statement;Monthly;6988321.66667
PAAN;01/04/2023;Utility Statement;Monthly;4728089.66667
PAAN;01/05/2023;Utility Statement;Monthly;4859734.91667
PAAN;01/06/2023;Utility Statement;Monthly;2613623.83333
PDCE;01/01/2023;Utility Statement;Monthly;3517381.66667
PDCE;01/02/2023;Utility Statement;Monthly;1744608.0
PDCE;01/03/2023;Utility Statement;Monthly;3080564.16667
PDCE;01/04/2023;Utility Statement;Monthly;1724135.66667
PDCE;01/05/2023;Utility Statement;Monthly;1804963.16667
PDCE;01/06/2023;Utility Statement;Monthly;1124598.16667
PDFE;01/01/2023;Utility Statement;Monthly;2545434.83333
PDFE;01/02/2023;Utility Statement;Monthly;1831156.66667
PDFE;01/03/2023;Utility Statement;Monthly;2450398.83333
PDFE;01/04/2023;Utility Statement;Monthly;1467580.0
PDFE;01/05/2023;Utility Statement;Monthly;1079563.16667
PDFE;01/06/2023;Utility Statement;Monthly;868696.41667
PEMO;01/01/2023;Utility Statement;Monthly;1989096.33333
PEMO;01/02/2023;Utility Statement;Monthly;981499.16667
PEMO;01/03/2023;Utility Statement;Monthly;1340615.16667
PEMO;01/04/2023;Utility Statement;Monthly;1048596.0
PEMO;01/05/2023;Utility Statement;Monthly;660793.0
PEMO;01/06/2023;Utility Statement;Monthly;702304.0
PLAN;01/01/2023;Utility Statement;Monthly;6110876.33333
PLAN;01/02/2023;Utility Statement;Monthly;3710949.16667
PLAN;01/03/2023;Utility Statement;Monthly;6264368.33333
PLAN;01/04/2023;Utility Statement;Monthly;4201033.66667
PLAN;01/05/2023;Utility Statement;Monthly;3935813.58333
PLAN;01/06/2023;Utility Statement;Monthly;2685834.75
PLAT;01/01/2023;Utility Statement;Monthly;1392278.66667
PLAT;01/02/2023;Utility Statement;Monthly;564800.66667
PLAT;01/03/2023;Utility Statement;Monthly;1645161.75
PLAT;01/04/2023;Utility Statement;Monthly;669287.5
PLAT;01/05/2023;Utility Statement;Monthly;669915.75
PLAT;01/06/2023;Utility Statement;Monthly;219847.0
PLES;01/01/2023;Utility Statement;Monthly;3950225.5
PLES;01/02/2023;Utility Statement;Monthly;1938874.0
PLES;01/03/2023;Utility Statement;Monthly;3340658.41667
PLES;01/04/2023;Utility Statement;Monthly;2027460.75
PLES;01/05/2023;Utility Statement;Monthly;1681528.41667
PLES;01/06/2023;Utility Statement;Monthly;1089635.16667
PLEU;01/01/2023;Utility Statement;Monthly;2640027.0
PLEU;01/02/2023;Utility Statement;Monthly;1235970.83333
PLEU;01/03/2023;Utility Statement;Monthly;3203404.5
PLEU;01/04/2023;Utility Statement;Monthly;1445842.25
PLEU;01/05/2023;Utility Statement;Monthly;1647757.75
PLEU;01/06/2023;Utility Statement;Monthly;722991.66667
PLGR;01/01/2023;Utility Statement;Monthly;3714426.0
PLGR;01/02/2023;Utility Statement;Monthly;2272888.0
PLGR;01/03/2023;Utility Statement;Monthly;2519677.25
PLGR;01/04/2023;Utility Statement;Monthly;1449.25
PLGR;01/05/2023;Utility Statement;Monthly;1900.33333
PLGR;01/06/2023;Utility Statement;Monthly;1724086.41667
PLOS;01/01/2023;Utility Statement;Monthly;2712188.0
PLOS;01/02/2023;Utility Statement;Monthly;1761164.83333
PLOS;01/03/2023;Utility Statement;Monthly;3093424.75
PLOS;01/04/2023;Utility Statement;Monthly;2578017.25
PLOS;01/05/2023;Utility Statement;Monthly;1869511.16667
PLOS;01/06/2023;Utility Statement;Monthly;1473823.25
POUZ;01/01/2023;Utility Statement;Monthly;1520414.83333
POUZ;01/02/2023;Utility Statement;Monthly;1084938.83333
POUZ;01/03/2023;Utility Statement;Monthly;952276.58333
POUZ;01/04/2023;Utility Statement;Monthly;1221478.41667
POUZ;01/05/2023;Utility Statement;Monthly;952778.16667
POUZ;01/06/2023;Utility Statement;Monthly;733264.16667
PUYL;01/01/2023;Utility Statement;Monthly;449730.5
PUYL;01/02/2023;Utility Statement;Monthly;599719.66667
PUYL;01/03/2023;Utility Statement;Monthly;907861.0
PUYL;01/04/2023;Utility Statement;Monthly;1030352.75
PUYL;01/05/2023;Utility Statement;Monthly;913979.83333
PUYL;01/06/2023;Utility Statement;Monthly;881170.0
PZIN;01/01/2023;Utility Statement;Monthly;286307.33333
PZIN;01/02/2023;Utility Statement;Monthly;666059.83333
PZIN;01/03/2023;Utility Statement;Monthly;958770.0
PZIN;01/04/2023;Utility Statement;Monthly;1130056.58333
PZIN;01/05/2023;Utility Statement;Monthly;1112543.66667
PZIN;01/06/2023;Utility Statement;Monthly;1227765.83333
QVA3;01/01/2023;Utility Statement;Monthly;5562188.33333
QVA3;01/02/2023;Utility Statement;Monthly;2876717.16667
QVA3;01/03/2023;Utility Statement;Monthly;5503947.16667
QVA3;01/04/2023;Utility Statement;Monthly;3019975.25
QVA3;01/05/2023;Utility Statement;Monthly;2157622.16667
QVA3;01/06/2023;Utility Statement;Monthly;936426.83333
RAM1;01/01/2023;Utility Statement;Monthly;3148112.83333
RAM1;01/02/2023;Utility Statement;Monthly;2006786.33333
RAM1;01/03/2023;Utility Statement;Monthly;2817091.16667
RAM1;01/04/2023;Utility Statement;Monthly;1355619.25
RAM1;01/05/2023;Utility Statement;Monthly;970362.0
RAM1;01/06/2023;Utility Statement;Monthly;679312.75
RAM2;01/01/2023;Utility Statement;Monthly;6918849.33333
RAM2;01/02/2023;Utility Statement;Monthly;4733011.66667
RAM2;01/03/2023;Utility Statement;Monthly;6204630.33333
RAM2;01/04/2023;Utility Statement;Monthly;3533244.75
RAM2;01/05/2023;Utility Statement;Monthly;2496911.5
RAM2;01/06/2023;Utility Statement;Monthly;1438391.83333
RIBE;01/01/2023;Utility Statement;Monthly;2764732.5
RIBE;01/02/2023;Utility Statement;Monthly;1568512.33333
RIBE;01/03/2023;Utility Statement;Monthly;2995527.41667
RIBE;01/04/2023;Utility Statement;Monthly;1725158.33333
RIBE;01/05/2023;Utility Statement;Monthly;1641529.91667
RIBE;01/06/2023;Utility Statement;Monthly;1117599.33333
RIOL;01/01/2023;Utility Statement;Monthly;919196.5
RIOL;01/02/2023;Utility Statement;Monthly;402833.0
RIOL;01/03/2023;Utility Statement;Monthly;516045.58333
RIOL;01/04/2023;Utility Statement;Monthly;516271.75
RIOL;01/05/2023;Utility Statement;Monthly;426968.75
RIOL;01/06/2023;Utility Statement;Monthly;230852.25
RODU;01/01/2023;Utility Statement;Monthly;1264939.33333
RODU;01/02/2023;Utility Statement;Monthly;558986.5
RODU;01/03/2023;Utility Statement;Monthly;1586279.41667
RODU;01/04/2023;Utility Statement;Monthly;637941.0
RODU;01/05/2023;Utility Statement;Monthly;938115.58333
RODU;01/06/2023;Utility Statement;Monthly;339896.25
ROUS;01/01/2023;Utility Statement;Monthly;3422180.83333
ROUS;01/02/2023;Utility Statement;Monthly;2634620.33333
ROUS;01/03/2023;Utility Statement;Monthly;4846650.5
ROUS;01/04/2023;Utility Statement;Monthly;3029447.5
ROUS;01/05/2023;Utility Statement;Monthly;2728248.41667
ROUS;01/06/2023;Utility Statement;Monthly;1213707.91667
SABL;01/01/2023;Utility Statement;Monthly;2917553.5
SABL;01/02/2023;Utility Statement;Monthly;1232800.33333
SABL;01/03/2023;Utility Statement;Monthly;3039039.58333
SABL;01/04/2023;Utility Statement;Monthly;1402258.83333
SABL;01/05/2023;Utility Statement;Monthly;1076570.41667
SABL;01/06/2023;Utility Statement;Monthly;420106.75
SALL;01/01/2023;Utility Statement;Monthly;2379696.83333
SALL;01/02/2023;Utility Statement;Monthly;1037351.5
SALL;01/03/2023;Utility Statement;Monthly;2591842.83333
SALL;01/04/2023;Utility Statement;Monthly;1241114.0
SALL;01/05/2023;Utility Statement;Monthly;1165914.75
SALL;01/06/2023;Utility Statement;Monthly;499752.66667
SALZ;01/01/2023;Utility Statement;Monthly;129430.5
SALZ;01/02/2023;Utility Statement;Monthly;335648.16667
SALZ;01/03/2023;Utility Statement;Monthly;454981.91667
SALZ;01/04/2023;Utility Statement;Monthly;555617.25
SALZ;01/05/2023;Utility Statement;Monthly;534482.0
SALZ;01/06/2023;Utility Statement;Monthly;523692.08333
SAMI;01/01/2023;Utility Statement;Monthly;2163678.83333
SAMI;01/02/2023;Utility Statement;Monthly;1032481.66667
SAMI;01/03/2023;Utility Statement;Monthly;2584708.0
SAMI;01/04/2023;Utility Statement;Monthly;1147602.75
SAMI;01/05/2023;Utility Statement;Monthly;1469172.25
SAMI;01/06/2023;Utility Statement;Monthly;669828.25
SAMM;01/04/2023;Utility Statement;Monthly;649433.5
SAMM;01/05/2023;Utility Statement;Monthly;710397.25
SAMM;01/06/2023;Utility Statement;Monthly;815722.58333
SAMO;01/01/2023;Utility Statement;Monthly;92577.16667
SAMO;01/02/2023;Utility Statement;Monthly;268064.0
SAMO;01/03/2023;Utility Statement;Monthly;326839.33333
SAMO;01/04/2023;Utility Statement;Monthly;399331.16667
SAMO;01/05/2023;Utility Statement;Monthly;435124.5
SAMO;01/06/2023;Utility Statement;Monthly;537455.25
SARA;27/10/2022;Utility Statement;Monthly;0.33333
SARA;31/10/2022;Utility Statement;Monthly;562.75
SARA;01/11/2022;Utility Statement;Monthly;3502109.5
SARA;09/11/2022;Utility Statement;Monthly;15908.08333
SARA;01/03/2023;Utility Statement;Monthly;7595018.0
SARA;01/04/2023;Utility Statement;Monthly;4965249.58333
SARA;01/05/2023;Utility Statement;Monthly;4957297.83333
SARA;01/06/2023;Utility Statement;Monthly;3268229.5
SAUM;01/04/2023;Utility Statement;Monthly;1417123.91667
SAUM;01/05/2023;Utility Statement;Monthly;1613658.41667
SAUM;01/06/2023;Utility Statement;Monthly;1832716.41667
SAUV;01/01/2023;Utility Statement;Monthly;2244370.83333
SAUV;01/02/2023;Utility Statement;Monthly;75105.66667
SAUV;01/03/2023;Utility Statement;Monthly;2804731.0
SAUV;01/04/2023;Utility Statement;Monthly;3117620.0
SAUV;01/05/2023;Utility Statement;Monthly;3558838.0
SAUV;01/06/2023;Utility Statement;Monthly;3087592.91667
SBAP;01/01/2023;Utility Statement;Monthly;4552782.0
SBAP;01/02/2023;Utility Statement;Monthly;2747271.5
SBAP;01/03/2023;Utility Statement;Monthly;5342033.0
SBAP;01/04/2023;Utility Statement;Monthly;2958688.0
SBAP;01/05/2023;Utility Statement;Monthly;2913041.0
SBAP;01/06/2023;Utility Statement;Monthly;2003421.5
SERY;01/01/2023;Utility Statement;Monthly;2614367.5
SERY;01/02/2023;Utility Statement;Monthly;1065667.66667
SERY;01/03/2023;Utility Statement;Monthly;2532271.41667
SERY;01/04/2023;Utility Statement;Monthly;1327880.0
SERY;01/05/2023;Utility Statement;Monthly;1027017.41667
SERY;01/06/2023;Utility Statement;Monthly;685566.0
SJVX;01/01/2023;Utility Statement;Monthly;85358.33333
SJVX;01/02/2023;Utility Statement;Monthly;227703.33333
SJVX;01/03/2023;Utility Statement;Monthly;262281.0
SJVX;01/04/2023;Utility Statement;Monthly;305493.25
SJVX;01/05/2023;Utility Statement;Monthly;351348.0
SJVX;01/06/2023;Utility Statement;Monthly;440197.41667
SOUR;01/01/2023;Utility Statement;Monthly;5417955.83333
SOUR;01/02/2023;Utility Statement;Monthly;3727104.83333
SOUR;01/03/2023;Utility Statement;Monthly;4722679.08333
SOUR;01/04/2023;Utility Statement;Monthly;3715323.58333
SOUR;01/05/2023;Utility Statement;Monthly;2986890.75
SOUR;01/06/2023;Utility Statement;Monthly;1734293.83333
SREG;01/04/2023;Utility Statement;Monthly;632469.33333
SREG;01/05/2023;Utility Statement;Monthly;639631.83333
SREG;01/06/2023;Utility Statement;Monthly;819092.5
STAU;01/01/2023;Utility Statement;Monthly;3008028.0
STAU;01/02/2023;Utility Statement;Monthly;1962283.5
STAU;01/03/2023;Utility Statement;Monthly;2803386.0
STAU;01/04/2023;Utility Statement;Monthly;1824298.58333
STAU;01/05/2023;Utility Statement;Monthly;1311224.5
STAU;01/06/2023;Utility Statement;Monthly;815557.91667
STEN;01/01/2023;Utility Statement;Monthly;2484364.5
STEN;01/02/2023;Utility Statement;Monthly;1205415.83333
STEN;01/03/2023;Utility Statement;Monthly;2355893.58333
STEN;01/04/2023;Utility Statement;Monthly;1379663.91667
STEN;01/05/2023;Utility Statement;Monthly;965042.0
STEN;01/06/2023;Utility Statement;Monthly;514329.91667
STJU;01/04/2023;Utility Statement;Monthly;329767.66667
STJU;01/05/2023;Utility Statement;Monthly;370646.58333
STJU;01/06/2023;Utility Statement;Monthly;459292.0
STMB;01/01/2023;Utility Statement;Monthly;1171377.0
STMB;01/02/2023;Utility Statement;Monthly;489055.5
STMB;01/03/2023;Utility Statement;Monthly;1605222.58333
STMB;01/04/2023;Utility Statement;Monthly;881555.41667
STMB;01/05/2023;Utility Statement;Monthly;808754.91667
STMB;01/06/2023;Utility Statement;Monthly;225338.91667
STME;01/01/2023;Utility Statement;Monthly;1406883.0
STME;01/02/2023;Utility Statement;Monthly;698843.0
STME;01/03/2023;Utility Statement;Monthly;1649349.58333
STME;01/04/2023;Utility Statement;Monthly;911164.25
STME;01/05/2023;Utility Statement;Monthly;1203901.75
STME;01/06/2023;Utility Statement;Monthly;537102.0
STPA;01/01/2023;Utility Statement;Monthly;210500.33333
STPA;01/02/2023;Utility Statement;Monthly;495404.83333
STPA;01/03/2023;Utility Statement;Monthly;599705.66667
STPA;01/04/2023;Utility Statement;Monthly;692629.0
STPA;01/05/2023;Utility Statement;Monthly;644907.91667
STPA;01/06/2023;Utility Statement;Monthly;761872.33333
STSI;01/01/2023;Utility Statement;Monthly;1427606.5
STSI;01/02/2023;Utility Statement;Monthly;826142.83333
STSI;01/03/2023;Utility Statement;Monthly;1509094.08333
STSI;01/04/2023;Utility Statement;Monthly;906824.5
STSI;01/05/2023;Utility Statement;Monthly;780661.58333
STSI;01/06/2023;Utility Statement;Monthly;342734.08333
STUL;01/01/2023;Utility Statement;Monthly;367029.83333
STUL;01/02/2023;Utility Statement;Monthly;465585.5
STUL;01/03/2023;Utility Statement;Monthly;647832.58333
STUL;01/04/2023;Utility Statement;Monthly;717040.83333
STUL;01/05/2023;Utility Statement;Monthly;659439.58333
STUL;01/06/2023;Utility Statement;Monthly;638654.41667
SUBY;01/01/2023;Utility Statement;Monthly;221404.0
SUBY;01/02/2023;Utility Statement;Monthly;672715.66667
SUBY;01/03/2023;Utility Statement;Monthly;914344.16667
SUBY;01/04/2023;Utility Statement;Monthly;1178211.66667
SUBY;01/05/2023;Utility Statement;Monthly;1442643.33333
SUBY;01/06/2023;Utility Statement;Monthly;1716628.0
TLGR;01/01/2023;Utility Statement;Monthly;4623357.0
TLGR;01/02/2023;Utility Statement;Monthly;2422304.83333
TLGR;01/03/2023;Utility Statement;Monthly;4416818.58333
TLGR;01/04/2023;Utility Statement;Monthly;3078476.83333
TLGR;01/05/2023;Utility Statement;Monthly;3043979.33333
TLGR;01/06/2023;Utility Statement;Monthly;1167776.66667
TRFR;01/01/2023;Utility Statement;Monthly;2294833.83333
TRFR;01/02/2023;Utility Statement;Monthly;1008393.16667
TRFR;01/03/2023;Utility Statement;Monthly;1347598.83333
TRFR;01/04/2023;Utility Statement;Monthly;679464.33333
TRFR;01/05/2023;Utility Statement;Monthly;937692.41667
TRFR;01/06/2023;Utility Statement;Monthly;815314.0
VANA;01/01/2023;Utility Statement;Monthly;2003953.16667
VANA;01/02/2023;Utility Statement;Monthly;1098459.83333
VANA;01/03/2023;Utility Statement;Monthly;1835032.41667
VANA;01/04/2023;Utility Statement;Monthly;1097084.25
VANA;01/05/2023;Utility Statement;Monthly;1099617.91667
VANA;01/06/2023;Utility Statement;Monthly;568437.58333
VARA;01/01/2023;Utility Statement;Monthly;2806457.33333
VARA;01/02/2023;Utility Statement;Monthly;1682205.66667
VARA;01/03/2023;Utility Statement;Monthly;1691031.83333
VARA;01/04/2023;Utility Statement;Monthly;2212328.58333
VARA;01/05/2023;Utility Statement;Monthly;2415001.41667
VARA;01/06/2023;Utility Statement;Monthly;873216.83333
VEUL;01/01/2023;Utility Statement;Monthly;3098180.0
VEUL;01/02/2023;Utility Statement;Monthly;1662432.33333
VEUL;01/03/2023;Utility Statement;Monthly;2748953.16667
VEUL;01/04/2023;Utility Statement;Monthly;1913874.83333
VEUL;01/05/2023;Utility Statement;Monthly;1686613.16667
VEUL;01/06/2023;Utility Statement;Monthly;1444270.0
VISE;01/01/2023;Utility Statement;Monthly;1579567.0
VISE;01/02/2023;Utility Statement;Monthly;811752.66667
VISE;01/03/2023;Utility Statement;Monthly;1553319.5
VISE;01/04/2023;Utility Statement;Monthly;890807.83333
VISE;01/05/2023;Utility Statement;Monthly;920174.33333
VISE;01/06/2023;Utility Statement;Monthly;493774.83333
