Plant ID;datetime;Value;meter;date;Date (start);Meter;Interval
TRFR;01/01/2023;2294833.8333333335;TRFR-SS01-P;2023-01-01;01/01/2023;Utility Statement;Monthly
SOUR;01/01/2023;2937832.3333333335;SOUR-SS01-P;2023-01-01;01/01/2023;Utility Statement;Monthly
SOUR;01/01/2023;2480123.5;SOUR-SS02-P;2023-01-01;01/01/2023;Utility Statement;Monthly
AUQB;01/01/2023;2552341.0;AUQB-SS01-P;2023-01-01;01/01/2023;Utility Statement;Monthly
QVA3;01/01/2023;3582180.0;QVA3-SS01-P;2023-01-01;01/01/2023;Utility Statement;Monthly
QVA3;01/01/2023;1980008.3333333333;QVA3-SS02-P;2023-01-01;01/01/2023;Utility Statement;Monthly
ALVI;01/01/2023;5734593.833333333;ALVI-SS01-P;2023-01-01;01/01/2023;Utility Statement;Monthly
AMBE;01/01/2023;347491.6666666667;AMBE-SS01-P;2023-01-01;01/01/2023;Utility Statement;Monthly
AMEL;01/01/2023;3475014.3333333335;AMEL-SS01-P;2023-01-01;01/01/2023;Utility Statement;Monthly
ANPA;01/01/2023;3539404.0;ANPA-SS01-P;2023-01-01;01/01/2023;Utility Statement;Monthly
SAMI;01/01/2023;2163678.8333333335;SAMI-SS01-P;2023-01-01;01/01/2023;Utility Statement;Monthly
ARAM;01/01/2023;320776.8333333333;ARAM-SS01-P;2023-01-01;01/01/2023;Utility Statement;Monthly
ARTI;01/01/2023;172510.83333333334;ARTI-SS01-P;2023-01-01;01/01/2023;Utility Statement;Monthly
AUM3;01/01/2023;3901132.5;AUM3-SS01-P;2023-01-01;01/01/2023;Utility Statement;Monthly
BAMB;01/01/2023;2916743.1666666665;BAMB-SS01-P;2023-01-01;01/01/2023;Utility Statement;Monthly
BTS1;01/01/2023;3699372.3333333335;BTS1-SS01-P;2023-01-01;01/01/2023;Utility Statement;Monthly
BTS2;01/01/2023;3034336.8333333335;BTS2-SS01-P;2023-01-01;01/01/2023;Utility Statement;Monthly
BVER;01/01/2023;2004743.1666666667;BVER-SS01-P;2023-01-01;01/01/2023;Utility Statement;Monthly
BDBS;01/01/2023;4418696.333333333;BDBS-SS01-P;2023-01-01;01/01/2023;Utility Statement;Monthly
BDBS;01/01/2023;958367.8333333334;BDBS-SS02-P;2023-01-01;01/01/2023;Utility Statement;Monthly
BLAU;01/01/2023;212484.0;BLAU-SS01-P;2023-01-01;01/01/2023;Utility Statement;Monthly
BARB;01/01/2023;1344372.0;BARB-SS01-P;2023-01-01;01/01/2023;Utility Statement;Monthly
BOUS;01/01/2023;2198926.3333333335;BOUS-SS01-P;2023-01-01;01/01/2023;Utility Statement;Monthly
BRIY;01/01/2023;1690862.1666666667;BRIY-SS01-P;2023-01-01;01/01/2023;Utility Statement;Monthly
CAMB;01/01/2023;4503031.5;CAMB-SS01-P;2023-01-01;01/01/2023;Utility Statement;Monthly
CASH;01/01/2023;1616913.1666666667;CASH-SS01-P;2023-01-01;01/01/2023;Utility Statement;Monthly
DIJO;01/01/2023;416225.1666666667;DIJO-SS01-P;2023-01-01;01/01/2023;Utility Statement;Monthly
CHAG;01/01/2023;141298.83333333334;CHAG-SS01-P;2023-01-01;01/01/2023;Utility Statement;Monthly
CHGO;01/01/2023;3353844.8333333335;CHGO-SS01-P;2023-01-01;01/01/2023;Utility Statement;Monthly
CHGO;01/01/2023;2314009.0;CHGO-SS02-P;2023-01-01;01/01/2023;Utility Statement;Monthly
CEP1;01/01/2023;3829889.1666666665;CEP1-SS01-P;2023-01-01;01/01/2023;Utility Statement;Monthly
CEP2;01/01/2023;2234967.5;CEP2-SS01-P;2023-01-01;01/01/2023;Utility Statement;Monthly
CLA2;01/01/2023;733045.3333333334;CLA2-SS01-P;2023-01-01;01/01/2023;Utility Statement;Monthly
CLA2;01/01/2023;768810.1666666666;CLA2-SS02-P;2023-01-01;01/01/2023;Utility Statement;Monthly
CLAM;01/01/2023;2711357.6666666665;CLAM-SS01-P;2023-01-01;01/01/2023;Utility Statement;Monthly
CLAN;01/01/2023;2373551.6666666665;CLAN-SS01-P;2023-01-01;01/01/2023;Utility Statement;Monthly
CLAN;01/01/2023;2273322.0;CLAN-SS02-P;2023-01-01;01/01/2023;Utility Statement;Monthly
CLIT;01/01/2023;666018.6666666666;CLIT-SS01-P;2023-01-01;01/01/2023;Utility Statement;Monthly
CONI;01/01/2023;4314124.833333333;CONI-SS01-P;2023-01-01;01/01/2023;Utility Statement;Monthly
AUCO;01/01/2023;3068551.1666666665;AUCO-SS01-P;2023-01-01;01/01/2023;Utility Statement;Monthly
COUR;01/01/2023;2089138.6666666667;COUR-SS01-P;2023-01-01;01/01/2023;Utility Statement;Monthly
DEM1;01/01/2023;2896380.5;DEM1-SS01-P;2023-01-01;01/01/2023;Utility Statement;Monthly
DEM2;01/01/2023;3464023.0;DEM2-SS01-P;2023-01-01;01/01/2023;Utility Statement;Monthly
ERIZ;01/01/2023;2725914.6666666665;ERIZ-SS01-P;2023-01-01;01/01/2023;Utility Statement;Monthly
ESPI;01/01/2023;1956160.8333333333;ESPI-SS01;2023-01-01;01/01/2023;Utility Statement;Monthly
ESPS;01/01/2023;2146234.5;ESPS-SS02-P;2023-01-01;01/01/2023;Utility Statement;Monthly
FECA;01/01/2023;876098.8333333334;FECA-SS01-P;2023-01-01;01/01/2023;Utility Statement;Monthly
FEND;01/01/2023;186305.0;FEND-SS01-P;2023-01-01;01/01/2023;Utility Statement;Monthly
FIEN;01/01/2023;3178205.8333333335;FIEN-SS01-P;2023-01-01;01/01/2023;Utility Statement;Monthly
FITO;01/01/2023;3541805.5;FITO-SS01-P;2023-01-01;01/01/2023;Utility Statement;Monthly
CEFF;01/01/2023;2861215.5;CEFF-SS01-P;2023-01-01;01/01/2023;Utility Statement;Monthly
FOSS;01/01/2023;755744.5;FOSS-SS01-P;2023-01-01;01/01/2023;Utility Statement;Monthly
FREY;01/01/2023;2982537.1666666665;FREY-SS01-P;2023-01-01;01/01/2023;Utility Statement;Monthly
GAB1;01/01/2023;383548.8333333333;GAB1-SS01-P;2023-01-01;01/01/2023;Utility Statement;Monthly
GAB4;01/01/2023;382326.6666666667;GAB4-SS01-P;2023-01-01;01/01/2023;Utility Statement;Monthly
GAB7;01/01/2023;73345.0;GAB7-SS01-P;2023-01-01;01/01/2023;Utility Statement;Monthly
GABT;01/01/2023;72570.16666666667;GABT-SS01-P;2023-01-01;01/01/2023;Utility Statement;Monthly
GAR1;01/01/2023;3003693.6666666665;GAR1-SS01-P;2023-01-01;01/01/2023;Utility Statement;Monthly
GAR2;01/01/2023;2742946.8333333335;GAR2-SS01-P;2023-01-01;01/01/2023;Utility Statement;Monthly
GRGT;01/01/2023;429087.8333333333;GRGT-SS01-P;2023-01-01;01/01/2023;Utility Statement;Monthly
GRPL;01/01/2023;3509592.3333333335;GRPL-SS01-P;2023-01-01;01/01/2023;Utility Statement;Monthly
GUIL;01/01/2023;2573590.0;GUIL-SS01-P;2023-01-01;01/01/2023;Utility Statement;Monthly
GUIL;01/01/2023;3862014.0;GUIL-SS02-P;2023-01-01;01/01/2023;Utility Statement;Monthly
HENI;01/01/2023;1896097.8333333333;HENI-SS01-P;2023-01-01;01/01/2023;Utility Statement;Monthly
HERO;01/01/2023;1057895.5;HERO-SS01-P;2023-01-01;01/01/2023;Utility Statement;Monthly
JADE;01/01/2023;2495177.5;JADE-SS01-P;2023-01-01;01/01/2023;Utility Statement;Monthly
JON2;01/01/2023;1181021.8333333333;JON2-SS01-P;2023-01-01;01/01/2023;Utility Statement;Monthly
JONC;01/01/2023;3314674.3333333335;JONC-SS01-P;2023-01-01;01/01/2023;Utility Statement;Monthly
LBDF;01/01/2023;2087772.3333333333;LBDF-SS01-P;2023-01-01;01/01/2023;Utility Statement;Monthly
CARN;01/01/2023;3727373.8333333335;CARN-SS01-P;2023-01-01;01/01/2023;Utility Statement;Monthly
CARN;01/01/2023;3634041.8333333335;CARN-SS02-P;2023-01-01;01/01/2023;Utility Statement;Monthly
HAB1;01/01/2023;3635592.3333333335;HAB1-SS01-P;2023-01-01;01/01/2023;Utility Statement;Monthly
HAB2;01/01/2023;3063836.0;HAB2-SS01-P;2023-01-01;01/01/2023;Utility Statement;Monthly
NOUR;01/01/2023;1888186.6666666667;NOUR-SS01-P;2023-01-01;01/01/2023;Utility Statement;Monthly
LAPI;01/01/2023;2476806.8333333335;LAPI-SS01-P;2023-01-01;01/01/2023;Utility Statement;Monthly
LAGN;01/01/2023;88057.5;LAGN-SS01-P;2023-01-01;01/01/2023;Utility Statement;Monthly
LDTE;01/01/2023;1814138.1666666667;LDTE-SS01-P;2023-01-01;01/01/2023;Utility Statement;Monthly
LANE;01/01/2023;2788928.8333333335;LANE-SS01-P;2023-01-01;01/01/2023;Utility Statement;Monthly
RODU;01/01/2023;1264939.3333333333;RODU-SS01-P;2023-01-01;01/01/2023;Utility Statement;Monthly
LERO;01/01/2023;882426.5;LERO-SS01-P;2023-01-01;01/01/2023;Utility Statement;Monthly
COT1;01/01/2023;3235301.5;COT1-SS01-P;2023-01-01;01/01/2023;Utility Statement;Monthly
COT2;01/01/2023;3436064.5;COT2-SS01-P;2023-01-01;01/01/2023;Utility Statement;Monthly
COT3;01/01/2023;3178551.0;COT3-SS01-P;2023-01-01;01/01/2023;Utility Statement;Monthly
COT4;01/01/2023;2303904.0;COT4-SS01-P;2023-01-01;01/01/2023;Utility Statement;Monthly
LEMO;01/01/2023;4074005.5;LEMO-SS01-P;2023-01-01;01/01/2023;Utility Statement;Monthly
PLOS;01/01/2023;2712188.0;PLOS-SS01-P;2023-01-01;01/01/2023;Utility Statement;Monthly
SABL;01/01/2023;2917553.5;SABL-SS01-P;2023-01-01;01/01/2023;Utility Statement;Monthly
FAYD;01/01/2023;1285688.1666666667;FAYD-SS01-P;2023-01-01;01/01/2023;Utility Statement;Monthly
LOMO;01/01/2023;2106522.5;LOMO-SS02-P;2023-01-01;01/01/2023;Utility Statement;Monthly
LOMO;01/01/2023;2174432.0;LOMO-SS01-P;2023-01-01;01/01/2023;Utility Statement;Monthly
LEPI;01/01/2023;2466411.6666666665;LEPI-SS01-P;2023-01-01;01/01/2023;Utility Statement;Monthly
LORO;01/01/2023;2707402.0;LORO-SS01-P;2023-01-01;01/01/2023;Utility Statement;Monthly
LORO;01/01/2023;3442635.5;LORO-SS02-P;2023-01-01;01/01/2023;Utility Statement;Monthly
LORO;01/01/2023;2400162.1666666665;LORO-SS03-P;2023-01-01;01/01/2023;Utility Statement;Monthly
LORO;01/01/2023;3290875.6666666665;LORO-SS04-P;2023-01-01;01/01/2023;Utility Statement;Monthly
LORO;01/01/2023;3172911.6666666665;LORO-SS05-P;2023-01-01;01/01/2023;Utility Statement;Monthly
LOPV;01/01/2023;2814081.1666666665;LOPV-SS01-P;2023-01-01;01/01/2023;Utility Statement;Monthly
LOU2;01/01/2023;171260.83333333334;LOU2-SS01-P;2023-01-01;01/01/2023;Utility Statement;Monthly
LOYE;01/01/2023;154879.83333333334;LOYE-SS01-P;2023-01-01;01/01/2023;Utility Statement;Monthly
LUC2;01/01/2023;4170757.1666666665;LUC2-SS01-P;2023-01-01;01/01/2023;Utility Statement;Monthly
LUCO;01/01/2023;3859615.1666666665;LUCO-SS01-P;2023-01-01;01/01/2023;Utility Statement;Monthly
LUX1;01/01/2023;194265.83333333334;LUX1-SS01-P;2023-01-01;01/01/2023;Utility Statement;Monthly
MACH;01/01/2023;1874286.1666666667;MACH-SS01-P;2023-01-01;01/01/2023;Utility Statement;Monthly
MAG1;01/01/2023;2570877.1666666665;MAG1-SS01-P;2023-01-01;01/01/2023;Utility Statement;Monthly
MAG3;01/01/2023;1216886.1666666667;MAG3-SS01-P;2023-01-01;01/01/2023;Utility Statement;Monthly
MANO;01/01/2023;265942.0;MANO-SS01-P;2023-01-01;01/01/2023;Utility Statement;Monthly
MAUR;01/01/2023;2178703.1666666665;MAUR-SS01-P;2023-01-01;01/01/2023;Utility Statement;Monthly
MAZU;01/01/2023;4060692.1666666665;MAZU-SS01-P;2023-01-01;01/01/2023;Utility Statement;Monthly
MDR1;01/01/2023;185463.83333333334;MDR1-SS01-P;2023-01-01;01/01/2023;Utility Statement;Monthly
MTL1;01/01/2023;2200591.5;MTL1-SS01-P;2023-01-01;01/01/2023;Utility Statement;Monthly
MOTG;01/01/2023;4230731.0;MOTG-SS01-P;2023-01-01;01/01/2023;Utility Statement;Monthly
MOTG;01/01/2023;735903.8333333334;MOTG-SS02-P;2023-01-01;01/01/2023;Utility Statement;Monthly
MODF;01/01/2023;2975684.0;MODF-SS01-P;2023-01-01;01/01/2023;Utility Statement;Monthly
NAC1;01/01/2023;3198157.0;NAC1-SS01-P;2023-01-01;01/01/2023;Utility Statement;Monthly
NAC2;01/01/2023;2293483.0;NAC2-SS01-P;2023-01-01;01/01/2023;Utility Statement;Monthly
NARB;01/01/2023;167929.66666666666;NARB-SS01-P;2023-01-01;01/01/2023;Utility Statement;Monthly
NARB;01/01/2023;214904.83333333334;NARB-SS02-P;2023-01-01;01/01/2023;Utility Statement;Monthly
CDBO;01/01/2023;3402711.8333333335;CDBO-SS01-P;2023-01-01;01/01/2023;Utility Statement;Monthly
NIED;01/01/2023;3142094.0;NIED-SS01-P;2023-01-01;01/01/2023;Utility Statement;Monthly
NIEV;01/01/2023;437181.5;NIEV-SS01-P;2023-01-01;01/01/2023;Utility Statement;Monthly
NIPL;01/01/2023;1908636.3333333333;NIPL-SS01-P;2023-01-01;01/01/2023;Utility Statement;Monthly
OUPI;01/01/2023;2603745.8333333335;OUPI-SS01-P;2023-01-01;01/01/2023;Utility Statement;Monthly
PAAN;01/01/2023;3941671.5;PAAN-SS01-P;2023-01-01;01/01/2023;Utility Statement;Monthly
PAAN;01/01/2023;4151246.3333333335;PAAN-SS02-P;2023-01-01;01/01/2023;Utility Statement;Monthly
PEMO;01/01/2023;1989096.3333333333;PEMO-SS01-P;2023-01-01;01/01/2023;Utility Statement;Monthly
PLES;01/01/2023;3950225.5;PLES-SS01-P;2023-01-01;01/01/2023;Utility Statement;Monthly
PLGR;01/01/2023;3714426.0;PLGR-SS01-P;2023-01-01;01/01/2023;Utility Statement;Monthly
PLAN;01/01/2023;3450482.3333333335;PLAN-SS01-P;2023-01-01;01/01/2023;Utility Statement;Monthly
PLAN;01/01/2023;2660394.0;PLAN-SS02-P;2023-01-01;01/01/2023;Utility Statement;Monthly
PLAT;01/01/2023;1392278.6666666667;PLAT-SS01-P;2023-01-01;01/01/2023;Utility Statement;Monthly
PLEU;01/01/2023;2640027.0;PLEU-SS01-P;2023-01-01;01/01/2023;Utility Statement;Monthly
PDCE;01/01/2023;2872364.3333333335;PDCE-SS01-P;2023-01-01;01/01/2023;Utility Statement;Monthly
PDCE;01/01/2023;645017.3333333334;PDCE-SS02-P;2023-01-01;01/01/2023;Utility Statement;Monthly
PDFE;01/01/2023;2545434.8333333335;PDFE-SS01-P;2023-01-01;01/01/2023;Utility Statement;Monthly
PZIN;01/01/2023;155934.33333333334;PZIN-SS02-P;2023-01-01;01/01/2023;Utility Statement;Monthly
PZIN;01/01/2023;130373.0;PZIN-SS01-P;2023-01-01;01/01/2023;Utility Statement;Monthly
POUZ;01/01/2023;1520414.8333333333;POUZ-SS01-P;2023-01-01;01/01/2023;Utility Statement;Monthly
PUYL;01/01/2023;449730.5;PUYL-SS01-P;2023-01-01;01/01/2023;Utility Statement;Monthly
RAM1;01/01/2023;3148112.8333333335;RAM1-SS01-P;2023-01-01;01/01/2023;Utility Statement;Monthly
RAM2;01/01/2023;1917066.0;RAM2-SS01-P;2023-01-01;01/01/2023;Utility Statement;Monthly
RAM2;01/01/2023;1659985.3333333333;RAM2-SS02-P;2023-01-01;01/01/2023;Utility Statement;Monthly
RAM2;01/01/2023;3341798.0;RAM2-SS03-P;2023-01-01;01/01/2023;Utility Statement;Monthly
RIBE;01/01/2023;2764732.5;RIBE-SS01-P;2023-01-01;01/01/2023;Utility Statement;Monthly
RIOL;01/01/2023;919196.5;RIOL-SS01-P;2023-01-01;01/01/2023;Utility Statement;Monthly
FRA1;01/01/2023;1296549.8333333333;FRA1-SS01-P;2023-01-01;01/01/2023;Utility Statement;Monthly
FRA2;01/01/2023;2491756.0;FRA2-SS01-P;2023-01-01;01/01/2023;Utility Statement;Monthly
ROUS;01/01/2023;1970567.1666666667;ROUS-SS01-P;2023-01-01;01/01/2023;Utility Statement;Monthly
ROUS;01/01/2023;1451613.6666666667;ROUS-SS02-P;2023-01-01;01/01/2023;Utility Statement;Monthly
STAU;01/01/2023;3008028.0;STAU-SS01-P;2023-01-01;01/01/2023;Utility Statement;Monthly
STPA;01/01/2023;210500.33333333334;STPA-SS01-P;2023-01-01;01/01/2023;Utility Statement;Monthly
SALL;01/01/2023;2379696.8333333335;SALL-SS01-P;2023-01-01;01/01/2023;Utility Statement;Monthly
SALZ;01/01/2023;129430.5;SALZ-SS01-P;2023-01-01;01/01/2023;Utility Statement;Monthly
SAMO;01/01/2023;92577.16666666667;SAMO-SS01-P;2023-01-01;01/01/2023;Utility Statement;Monthly
SAUV;01/01/2023;2244370.8333333335;SAUV-SS01-P;2023-01-01;01/01/2023;Utility Statement;Monthly
SERY;01/01/2023;2614367.5;SERY-SS01-P;2023-01-01;01/01/2023;Utility Statement;Monthly
SBAP;01/01/2023;4552782.0;SBAP-SS01-P;2023-01-01;01/01/2023;Utility Statement;Monthly
SJVX;01/01/2023;85358.33333333333;SJVX-SS01-P;2023-01-01;01/01/2023;Utility Statement;Monthly
STMB;01/01/2023;1171377.0;STMB-SS01-P;2023-01-01;01/01/2023;Utility Statement;Monthly
STME;01/01/2023;1406883.0;STME-SS01-P;2023-01-01;01/01/2023;Utility Statement;Monthly
STSI;01/01/2023;1427606.5;STSI-SS01-P;2023-01-01;01/01/2023;Utility Statement;Monthly
STUL;01/01/2023;367029.8333333333;STUL-SS01-P;2023-01-01;01/01/2023;Utility Statement;Monthly
STEN;01/01/2023;2484364.5;STEN-SS01-P;2023-01-01;01/01/2023;Utility Statement;Monthly
SUBY;01/01/2023;191788.66666666666;SUBY-SS01-P;2023-01-01;01/01/2023;Utility Statement;Monthly
SUBY;01/01/2023;29615.333333333332;SUBY-SS02-P;2023-01-01;01/01/2023;Utility Statement;Monthly
TLGR;01/01/2023;4623357.0;TLGR-SS01-P;2023-01-01;01/01/2023;Utility Statement;Monthly
VANA;01/01/2023;2003953.1666666667;VANA-SS01-P;2023-01-01;01/01/2023;Utility Statement;Monthly
VARA;01/01/2023;2806457.3333333335;VARA-SS01-P;2023-01-01;01/01/2023;Utility Statement;Monthly
VEUL;01/01/2023;3098180.0;VEUL-SS01-P;2023-01-01;01/01/2023;Utility Statement;Monthly
CDBO;01/01/2023;3196667.3333333335;CDBO-SS02-P;2023-01-01;01/01/2023;Utility Statement;Monthly
VISE;01/01/2023;1579567.0;VISE-SS01-P;2023-01-01;01/01/2023;Utility Statement;Monthly
TRFR;01/02/2023;1008393.1666666666;TRFR-SS01-P;2023-02-01;01/02/2023;Utility Statement;Monthly
SOUR;01/02/2023;2053653.6666666667;SOUR-SS01-P;2023-02-01;01/02/2023;Utility Statement;Monthly
SOUR;01/02/2023;1673451.1666666667;SOUR-SS02-P;2023-02-01;01/02/2023;Utility Statement;Monthly
AUQB;01/02/2023;1205276.5;AUQB-SS01-P;2023-02-01;01/02/2023;Utility Statement;Monthly
QVA3;01/02/2023;1791270.0;QVA3-SS01-P;2023-02-01;01/02/2023;Utility Statement;Monthly
QVA3;01/02/2023;1085447.1666666667;QVA3-SS02-P;2023-02-01;01/02/2023;Utility Statement;Monthly
ALVI;01/02/2023;2674947.3333333335;ALVI-SS01-P;2023-02-01;01/02/2023;Utility Statement;Monthly
AMBE;01/02/2023;739429.0;AMBE-SS01-P;2023-02-01;01/02/2023;Utility Statement;Monthly
AMEL;01/02/2023;2211153.1666666665;AMEL-SS01-P;2023-02-01;01/02/2023;Utility Statement;Monthly
ANPA;01/02/2023;1780346.8333333333;ANPA-SS01-P;2023-02-01;01/02/2023;Utility Statement;Monthly
SAMI;01/02/2023;1032481.6666666666;SAMI-SS01-P;2023-02-01;01/02/2023;Utility Statement;Monthly
ARAM;01/02/2023;392620.1666666667;ARAM-SS01-P;2023-02-01;01/02/2023;Utility Statement;Monthly
ARTI;01/02/2023;352388.1666666667;ARTI-SS01-P;2023-02-01;01/02/2023;Utility Statement;Monthly
AUM3;01/02/2023;1678906.5;AUM3-SS01-P;2023-02-01;01/02/2023;Utility Statement;Monthly
BAMB;01/02/2023;1880857.5;BAMB-SS01-P;2023-02-01;01/02/2023;Utility Statement;Monthly
BTS1;01/02/2023;1986789.5;BTS1-SS01-P;2023-02-01;01/02/2023;Utility Statement;Monthly
BTS2;01/02/2023;1887287.1666666667;BTS2-SS01-P;2023-02-01;01/02/2023;Utility Statement;Monthly
BVER;01/02/2023;1125063.5;BVER-SS01-P;2023-02-01;01/02/2023;Utility Statement;Monthly
BDBS;01/02/2023;3118394.5;BDBS-SS01-P;2023-02-01;01/02/2023;Utility Statement;Monthly
BDBS;01/02/2023;765367.0;BDBS-SS02-P;2023-02-01;01/02/2023;Utility Statement;Monthly
BLAU;01/02/2023;273961.0;BLAU-SS01-P;2023-02-01;01/02/2023;Utility Statement;Monthly
BARB;01/02/2023;1034069.1666666666;BARB-SS01-P;2023-02-01;01/02/2023;Utility Statement;Monthly
BOUS;01/02/2023;1400020.0;BOUS-SS01-P;2023-02-01;01/02/2023;Utility Statement;Monthly
BRIY;01/02/2023;847319.5;BRIY-SS01-P;2023-02-01;01/02/2023;Utility Statement;Monthly
CAMB;01/02/2023;2762890.3333333335;CAMB-SS01-P;2023-02-01;01/02/2023;Utility Statement;Monthly
CASH;01/02/2023;1783581.1666666667;CASH-SS01-P;2023-02-01;01/02/2023;Utility Statement;Monthly
DIJO;01/02/2023;1047282.8333333334;DIJO-SS01-P;2023-02-01;01/02/2023;Utility Statement;Monthly
CHAG;01/02/2023;301047.5;CHAG-SS01-P;2023-02-01;01/02/2023;Utility Statement;Monthly
CHGO;01/02/2023;1412417.8333333333;CHGO-SS01-P;2023-02-01;01/02/2023;Utility Statement;Monthly
CHGO;01/02/2023;1032702.8333333334;CHGO-SS02-P;2023-02-01;01/02/2023;Utility Statement;Monthly
CEP1;01/02/2023;2122582.3333333335;CEP1-SS01-P;2023-02-01;01/02/2023;Utility Statement;Monthly
CEP2;01/02/2023;1685459.1666666667;CEP2-SS01-P;2023-02-01;01/02/2023;Utility Statement;Monthly
CLA2;01/02/2023;339500.1666666667;CLA2-SS01-P;2023-02-01;01/02/2023;Utility Statement;Monthly
CLA2;01/02/2023;342805.3333333333;CLA2-SS02-P;2023-02-01;01/02/2023;Utility Statement;Monthly
CLAM;01/02/2023;1411172.8333333333;CLAM-SS01-P;2023-02-01;01/02/2023;Utility Statement;Monthly
CLAN;01/02/2023;1357369.3333333333;CLAN-SS01-P;2023-02-01;01/02/2023;Utility Statement;Monthly
CLAN;01/02/2023;1268860.3333333333;CLAN-SS02-P;2023-02-01;01/02/2023;Utility Statement;Monthly
CLIT;01/02/2023;390755.3333333333;CLIT-SS01-P;2023-02-01;01/02/2023;Utility Statement;Monthly
CONI;01/02/2023;2680050.0;CONI-SS01-P;2023-02-01;01/02/2023;Utility Statement;Monthly
AUCO;01/02/2023;1344169.5;AUCO-SS01-P;2023-02-01;01/02/2023;Utility Statement;Monthly
COUR;01/02/2023;1335015.1666666667;COUR-SS01-P;2023-02-01;01/02/2023;Utility Statement;Monthly
DEM1;01/02/2023;1783701.8333333333;DEM1-SS01-P;2023-02-01;01/02/2023;Utility Statement;Monthly
DEM2;01/02/2023;2256355.5;DEM2-SS01-P;2023-02-01;01/02/2023;Utility Statement;Monthly
ERIZ;01/02/2023;1807838.5;ERIZ-SS01-P;2023-02-01;01/02/2023;Utility Statement;Monthly
ESPI;01/02/2023;1119386.8333333333;ESPI-SS01-P;2023-02-01;01/02/2023;Utility Statement;Monthly
ESPS;01/02/2023;1871794.0;ESPS-SS02-P;2023-02-01;01/02/2023;Utility Statement;Monthly
FECA;01/02/2023;792897.3333333334;FECA-SS01-P;2023-02-01;01/02/2023;Utility Statement;Monthly
FEND;01/02/2023;425572.6666666667;FEND-SS01-P;2023-02-01;01/02/2023;Utility Statement;Monthly
FIEN;01/02/2023;2131732.3333333335;FIEN-SS01-P;2023-02-01;01/02/2023;Utility Statement;Monthly
FITO;01/02/2023;1758542.0;FITO-SS01-P;2023-02-01;01/02/2023;Utility Statement;Monthly
CEFF;01/02/2023;1480264.0;CEFF-SS01-P;2023-02-01;01/02/2023;Utility Statement;Monthly
FOSS;01/02/2023;1008273.8333333334;FOSS-SS01-P;2023-02-01;01/02/2023;Utility Statement;Monthly
FREY;01/02/2023;2600230.3333333335;FREY-SS01-P;2023-02-01;01/02/2023;Utility Statement;Monthly
GAB1;01/02/2023;914604.6666666666;GAB1-SS01-P;2023-02-01;01/02/2023;Utility Statement;Monthly
GAB4;01/02/2023;957798.0;GAB4-SS01-P;2023-02-01;01/02/2023;Utility Statement;Monthly
GAB7;01/02/2023;236024.83333333334;GAB7-SS01-P;2023-02-01;01/02/2023;Utility Statement;Monthly
GABT;01/02/2023;205673.16666666666;GABT-SS01-P;2023-02-01;01/02/2023;Utility Statement;Monthly
GAR1;01/02/2023;1402114.6666666667;GAR1-SS01-P;2023-02-01;01/02/2023;Utility Statement;Monthly
GAR2;01/02/2023;1234911.1666666667;GAR2-SS01-P;2023-02-01;01/02/2023;Utility Statement;Monthly
GRGT;01/02/2023;968841.8333333334;GRGT-SS01-P;2023-02-01;01/02/2023;Utility Statement;Monthly
GRPL;01/02/2023;1559620.0;GRPL-SS01-P;2023-02-01;01/02/2023;Utility Statement;Monthly
GUIL;01/02/2023;1330225.5;GUIL-SS01-P;2023-02-01;01/02/2023;Utility Statement;Monthly
GUIL;01/02/2023;2072145.5;GUIL-SS02-P;2023-02-01;01/02/2023;Utility Statement;Monthly
HENI;01/02/2023;855647.5;HENI-SS01-P;2023-02-01;01/02/2023;Utility Statement;Monthly
HERO;01/02/2023;839582.3333333334;HERO-SS01-P;2023-02-01;01/02/2023;Utility Statement;Monthly
JADE;01/02/2023;1179995.3333333333;JADE-SS01-P;2023-02-01;01/02/2023;Utility Statement;Monthly
JON2;01/02/2023;857444.1666666666;JON2-SS01-P;2023-02-01;01/02/2023;Utility Statement;Monthly
JONC;01/02/2023;1756956.3333333333;JONC-SS01-P;2023-02-01;01/02/2023;Utility Statement;Monthly
LBDF;01/02/2023;944289.1666666666;LBDF-SS01-P;2023-02-01;01/02/2023;Utility Statement;Monthly
CARN;01/02/2023;2192985.6666666665;CARN-SS01-P;2023-02-01;01/02/2023;Utility Statement;Monthly
CARN;01/02/2023;2152241.5;CARN-SS02-P;2023-02-01;01/02/2023;Utility Statement;Monthly
HAB1;01/02/2023;1764278.6666666667;HAB1-SS01-P;2023-02-01;01/02/2023;Utility Statement;Monthly
HAB2;01/02/2023;1519565.5;HAB2-SS01-P;2023-02-01;01/02/2023;Utility Statement;Monthly
NOUR;01/02/2023;1023653.6666666666;NOUR-SS01-P;2023-02-01;01/02/2023;Utility Statement;Monthly
LAPI;01/02/2023;1187535.1666666667;LAPI-SS01-P;2023-02-01;01/02/2023;Utility Statement;Monthly
LAGN;01/02/2023;246202.5;LAGN-SS01-P;2023-02-01;01/02/2023;Utility Statement;Monthly
LDTE;01/02/2023;1006110.8333333334;LDTE-SS01-P;2023-02-01;01/02/2023;Utility Statement;Monthly
LANE;01/02/2023;1558443.5;LANE-SS01-P;2023-02-01;01/02/2023;Utility Statement;Monthly
RODU;01/02/2023;558986.5;RODU-SS01-P;2023-02-01;01/02/2023;Utility Statement;Monthly
LERO;01/02/2023;432981.1666666667;LERO-SS01-P;2023-02-01;01/02/2023;Utility Statement;Monthly
COT1;01/02/2023;1673689.3333333333;COT1-SS01-P;2023-02-01;01/02/2023;Utility Statement;Monthly
COT2;01/02/2023;1590927.5;COT2-SS01-P;2023-02-01;01/02/2023;Utility Statement;Monthly
COT3;01/02/2023;1661106.1666666667;COT3-SS01-P;2023-02-01;01/02/2023;Utility Statement;Monthly
COT4;01/02/2023;1239347.8333333333;COT4-SS01-P;2023-02-01;01/02/2023;Utility Statement;Monthly
LEMO;01/02/2023;2118124.8333333335;LEMO-SS01-P;2023-02-01;01/02/2023;Utility Statement;Monthly
PLOS;01/02/2023;1761164.8333333333;PLOS-SS01-P;2023-02-01;01/02/2023;Utility Statement;Monthly
SABL;01/02/2023;1232800.3333333333;SABL-SS01-P;2023-02-01;01/02/2023;Utility Statement;Monthly
FAYD;01/02/2023;1381901.3333333333;FAYD-SS01-P;2023-02-01;01/02/2023;Utility Statement;Monthly
LOMO;01/02/2023;1404854.0;LOMO-SS02-P;2023-02-01;01/02/2023;Utility Statement;Monthly
LOMO;01/02/2023;1321274.3333333333;LOMO-SS01-P;2023-02-01;01/02/2023;Utility Statement;Monthly
LEPI;01/02/2023;1221998.6666666667;LEPI-SS01-P;2023-02-01;01/02/2023;Utility Statement;Monthly
LORO;01/02/2023;244135.5;LORO-SS01-P;2023-02-01;01/02/2023;Utility Statement;Monthly
LORO;01/02/2023;1892975.0;LORO-SS02-P;2023-02-01;01/02/2023;Utility Statement;Monthly
LORO;01/02/2023;1198595.1666666667;LORO-SS03-P;2023-02-01;01/02/2023;Utility Statement;Monthly
LORO;01/02/2023;1602145.6666666667;LORO-SS04-P;2023-02-01;01/02/2023;Utility Statement;Monthly
LORO;01/02/2023;1671909.1666666667;LORO-SS05-P;2023-02-01;01/02/2023;Utility Statement;Monthly
LOPV;01/02/2023;2224773.1666666665;LOPV-SS01-P;2023-02-01;01/02/2023;Utility Statement;Monthly
LOU2;01/02/2023;317453.5;LOU2-SS01-P;2023-02-01;01/02/2023;Utility Statement;Monthly
LOYE;01/02/2023;403950.3333333333;LOYE-SS01-P;2023-02-01;01/02/2023;Utility Statement;Monthly
LUC2;01/02/2023;2438165.6666666665;LUC2-SS01-P;2023-02-01;01/02/2023;Utility Statement;Monthly
LUCO;01/02/2023;2249497.0;LUCO-SS01-P;2023-02-01;01/02/2023;Utility Statement;Monthly
LUX1;01/02/2023;572947.3333333334;LUX1-SS01-P;2023-02-01;01/02/2023;Utility Statement;Monthly
MACH;01/02/2023;1160124.8333333333;MACH-SS01-P;2023-02-01;01/02/2023;Utility Statement;Monthly
MAG1;01/02/2023;1513141.8333333333;MAG1-SS01-P;2023-02-01;01/02/2023;Utility Statement;Monthly
MAG3;01/02/2023;973526.1666666666;MAG3-SS01-P;2023-02-01;01/02/2023;Utility Statement;Monthly
MANO;01/02/2023;339991.8333333333;MANO-SS01-P;2023-02-01;01/02/2023;Utility Statement;Monthly
MAUR;01/02/2023;930167.6666666666;MAUR-SS01-P;2023-02-01;01/02/2023;Utility Statement;Monthly
MAZU;01/02/2023;2383468.5;MAZU-SS01-P;2023-02-01;01/02/2023;Utility Statement;Monthly
MDR1;01/02/2023;475455.6666666667;MDR1-SS01-P;2023-02-01;01/02/2023;Utility Statement;Monthly
MTL1;01/02/2023;1755595.6666666667;MTL1-SS01-P;2023-02-01;01/02/2023;Utility Statement;Monthly
MOTG;01/02/2023;3067886.1666666665;MOTG-SS01-P;2023-02-01;01/02/2023;Utility Statement;Monthly
MOTG;01/02/2023;507680.1666666667;MOTG-SS02-P;2023-02-01;01/02/2023;Utility Statement;Monthly
MODF;01/02/2023;1767055.5;MODF-SS01-P;2023-02-01;01/02/2023;Utility Statement;Monthly
NAC1;01/02/2023;2253090.6666666665;NAC1-SS01-P;2023-02-01;01/02/2023;Utility Statement;Monthly
NAC2;01/02/2023;1867517.0;NAC2-SS01-P;2023-02-01;01/02/2023;Utility Statement;Monthly
NARB;01/02/2023;246241.83333333334;NARB-SS01-P;2023-02-01;01/02/2023;Utility Statement;Monthly
NARB;01/02/2023;286878.3333333333;NARB-SS02-P;2023-02-01;01/02/2023;Utility Statement;Monthly
CDBO;01/02/2023;1470180.1666666667;CDBO-SS01-P;2023-02-01;01/02/2023;Utility Statement;Monthly
NIED;01/02/2023;2105438.6666666665;NIED-SS01-P;2023-02-01;01/02/2023;Utility Statement;Monthly
NIEV;01/02/2023;1092072.6666666667;NIEV-SS01-P;2023-02-01;01/02/2023;Utility Statement;Monthly
NIPL;01/02/2023;897756.0;NIPL-SS01-P;2023-02-01;01/02/2023;Utility Statement;Monthly
OUPI;01/02/2023;1922504.6666666667;OUPI-SS01-P;2023-02-01;01/02/2023;Utility Statement;Monthly
PAAN;01/02/2023;2429385.3333333335;PAAN-SS01-P;2023-02-01;01/02/2023;Utility Statement;Monthly
PAAN;01/02/2023;2457795.8333333335;PAAN-SS02-P;2023-02-01;01/02/2023;Utility Statement;Monthly
PEMO;01/02/2023;981499.1666666666;PEMO-SS01-P;2023-02-01;01/02/2023;Utility Statement;Monthly
PLES;01/02/2023;1938874.0;PLES-SS01-P;2023-02-01;01/02/2023;Utility Statement;Monthly
PLGR;01/02/2023;2272888.0;PLGR-SS01-P;2023-02-01;01/02/2023;Utility Statement;Monthly
PLAN;01/02/2023;2086613.1666666667;PLAN-SS01-P;2023-02-01;01/02/2023;Utility Statement;Monthly
PLAN;01/02/2023;1624336.0;PLAN-SS02-P;2023-02-01;01/02/2023;Utility Statement;Monthly
PLAT;01/02/2023;564800.6666666666;PLAT-SS01-P;2023-02-01;01/02/2023;Utility Statement;Monthly
PLEU;01/02/2023;1235970.8333333333;PLEU-SS01-P;2023-02-01;01/02/2023;Utility Statement;Monthly
PDCE;01/02/2023;1431168.8333333333;PDCE-SS01-P;2023-02-01;01/02/2023;Utility Statement;Monthly
PDCE;01/02/2023;313439.1666666667;PDCE-SS02-P;2023-02-01;01/02/2023;Utility Statement;Monthly
PDFE;01/02/2023;1831156.6666666667;PDFE-SS01-P;2023-02-01;01/02/2023;Utility Statement;Monthly
PZIN;01/02/2023;360480.1666666667;PZIN-SS02-P;2023-02-01;01/02/2023;Utility Statement;Monthly
PZIN;01/02/2023;305579.6666666667;PZIN-SS01-P;2023-02-01;01/02/2023;Utility Statement;Monthly
POUZ;01/02/2023;1084938.8333333333;POUZ-SS01-P;2023-02-01;01/02/2023;Utility Statement;Monthly
PUYL;01/02/2023;599719.6666666666;PUYL-SS01-P;2023-02-01;01/02/2023;Utility Statement;Monthly
RAM1;01/02/2023;2006786.3333333333;RAM1-SS01-P;2023-02-01;01/02/2023;Utility Statement;Monthly
RAM2;01/02/2023;856749.8333333334;RAM2-SS01-P;2023-02-01;01/02/2023;Utility Statement;Monthly
RAM2;01/02/2023;1074813.3333333333;RAM2-SS02-P;2023-02-01;01/02/2023;Utility Statement;Monthly
RAM2;01/02/2023;1888099.5;RAM2-SS03-P;2023-02-01;01/02/2023;Utility Statement;Monthly
RIBE;01/02/2023;1568512.3333333333;RIBE-SS01-P;2023-02-01;01/02/2023;Utility Statement;Monthly
RIOL;01/02/2023;402833.0;RIOL-SS01-P;2023-02-01;01/02/2023;Utility Statement;Monthly
FRA2;01/02/2023;1650827.5;FRA2-SS01-P;2023-02-01;01/02/2023;Utility Statement;Monthly
ROUS;01/02/2023;1459810.3333333333;ROUS-SS01-P;2023-02-01;01/02/2023;Utility Statement;Monthly
ROUS;01/02/2023;1174810.0;ROUS-SS02-P;2023-02-01;01/02/2023;Utility Statement;Monthly
STAU;01/02/2023;1962283.5;STAU-SS01-P;2023-02-01;01/02/2023;Utility Statement;Monthly
STPA;01/02/2023;495404.8333333333;STPA-SS01-P;2023-02-01;01/02/2023;Utility Statement;Monthly
SALL;01/02/2023;1037351.5;SALL-SS01-P;2023-02-01;01/02/2023;Utility Statement;Monthly
SALZ;01/02/2023;335648.1666666667;SALZ-SS01-P;2023-02-01;01/02/2023;Utility Statement;Monthly
SAMO;01/02/2023;268064.0;SAMO-SS01-P;2023-02-01;01/02/2023;Utility Statement;Monthly
SAUV;01/02/2023;75105.66666666667;SAUV-SS01-P;2023-02-01;01/02/2023;Utility Statement;Monthly
SERY;01/02/2023;1065667.6666666667;SERY-SS01-P;2023-02-01;01/02/2023;Utility Statement;Monthly
SBAP;01/02/2023;2747271.5;SBAP-SS01-P;2023-02-01;01/02/2023;Utility Statement;Monthly
SJVX;01/02/2023;227703.33333333334;SJVX-SS01-P;2023-02-01;01/02/2023;Utility Statement;Monthly
STMB;01/02/2023;489055.5;STMB-SS01-P;2023-02-01;01/02/2023;Utility Statement;Monthly
STME;01/02/2023;698843.0;STME-SS01-P;2023-02-01;01/02/2023;Utility Statement;Monthly
STSI;01/02/2023;826142.8333333334;STSI-SS01-P;2023-02-01;01/02/2023;Utility Statement;Monthly
STUL;01/02/2023;465585.5;STUL-SS01-P;2023-02-01;01/02/2023;Utility Statement;Monthly
STEN;01/02/2023;1205415.8333333333;STEN-SS01-P;2023-02-01;01/02/2023;Utility Statement;Monthly
SUBY;01/02/2023;579738.3333333334;SUBY-SS01-P;2023-02-01;01/02/2023;Utility Statement;Monthly
SUBY;01/02/2023;92977.33333333333;SUBY-SS02-P;2023-02-01;01/02/2023;Utility Statement;Monthly
TLGR;01/02/2023;2422304.8333333335;TLGR-SS01-P;2023-02-01;01/02/2023;Utility Statement;Monthly
VANA;01/02/2023;1098459.8333333333;VANA-SS01-P;2023-02-01;01/02/2023;Utility Statement;Monthly
VARA;01/02/2023;1682205.6666666667;VARA-SS01-P;2023-02-01;01/02/2023;Utility Statement;Monthly
VEUL;01/02/2023;1662432.3333333333;VEUL-SS01-P;2023-02-01;01/02/2023;Utility Statement;Monthly
CDBO;01/02/2023;1482705.0;CDBO-SS02-P;2023-02-01;01/02/2023;Utility Statement;Monthly
VISE;01/02/2023;811752.6666666666;VISE-SS01-P;2023-02-01;01/02/2023;Utility Statement;Monthly
SARA;27/10/2022;0.3333333333333333;SARA-SS02-P;2022-10-27;27/10/2022;Utility Statement;Monthly
SARA;31/10/2022;562.75;SARA-SS03-P;2022-10-31;31/10/2022;Utility Statement;Monthly
SARA;01/11/2022;2014807.6666666667;SARA-SS02-P;2022-11-01;01/11/2022;Utility Statement;Monthly
SARA;01/11/2022;1487301.8333333333;SARA-SS03-P;2022-11-01;01/11/2022;Utility Statement;Monthly
SARA;09/11/2022;15908.083333333334;SARA-SS01-P;2022-11-09;09/11/2022;Utility Statement;Monthly
RAM2;01/02/2023;913349.0;RAM2-SS01-P;2023-02-01;01/02/2023;Utility Statement;Monthly
FRA1;01/02/2023;1179028.3333333333;FRA1-SS01-P;2023-02-01;01/02/2023;Utility Statement;Monthly
TRFR;01/03/2023;1347598.8333333333;TRFR-SS01-P;2023-03-01;01/03/2023;Utility Statement;Monthly
SOUR;01/03/2023;2580678.0833333335;SOUR-SS01-P;2023-03-01;01/03/2023;Utility Statement;Monthly
SOUR;01/03/2023;2142001.0;SOUR-SS02-P;2023-03-01;01/03/2023;Utility Statement;Monthly
AUQB;01/03/2023;970364.0;AUQB-SS01-P;2023-03-01;01/03/2023;Utility Statement;Monthly
QVA3;01/03/2023;3430046.4166666665;QVA3-SS01-P;2023-03-01;01/03/2023;Utility Statement;Monthly
QVA3;01/03/2023;2073900.75;QVA3-SS02-P;2023-03-01;01/03/2023;Utility Statement;Monthly
ALVI;01/03/2023;5824497.916666667;ALVI-SS01-P;2023-03-01;01/03/2023;Utility Statement;Monthly
AMBE;01/03/2023;853833.3333333334;AMBE-SS01-P;2023-03-01;01/03/2023;Utility Statement;Monthly
AMEL;01/03/2023;3085788.6666666665;AMEL-SS01-P;2023-03-01;01/03/2023;Utility Statement;Monthly
ANPA;01/03/2023;2714427.1666666665;ANPA-SS01-P;2023-03-01;01/03/2023;Utility Statement;Monthly
SAMI;01/03/2023;2584708.0;SAMI-SS01-P;2023-03-01;01/03/2023;Utility Statement;Monthly
ARAM;01/03/2023;613227.5;ARAM-SS01-P;2023-03-01;01/03/2023;Utility Statement;Monthly
ARTI;01/03/2023;435641.1666666667;ARTI-SS01-P;2023-03-01;01/03/2023;Utility Statement;Monthly
AUM3;01/03/2023;2521082.5;AUM3-SS01-P;2023-03-01;01/03/2023;Utility Statement;Monthly
BAMB;01/03/2023;2643738.0;BAMB-SS01-P;2023-03-01;01/03/2023;Utility Statement;Monthly
BTS1;01/03/2023;3935106.8333333335;BTS1-SS01-P;2023-03-01;01/03/2023;Utility Statement;Monthly
BTS2;01/03/2023;3801286.8333333335;BTS2-SS01-P;2023-03-01;01/03/2023;Utility Statement;Monthly
BVER;01/03/2023;2636963.5;BVER-SS01-P;2023-03-01;01/03/2023;Utility Statement;Monthly
BDBS;01/03/2023;4362985.416666667;BDBS-SS01-P;2023-03-01;01/03/2023;Utility Statement;Monthly
BDBS;01/03/2023;1070067.3333333333;BDBS-SS02-P;2023-03-01;01/03/2023;Utility Statement;Monthly
BLAU;01/03/2023;355449.75;BLAU-SS01-P;2023-03-01;01/03/2023;Utility Statement;Monthly
BARB;01/03/2023;1001975.8333333334;BARB-SS01-P;2023-03-01;01/03/2023;Utility Statement;Monthly
BOUS;01/03/2023;1706435.1666666667;BOUS-SS01-P;2023-03-01;01/03/2023;Utility Statement;Monthly
BRIY;01/03/2023;1611807.4166666667;BRIY-SS01-P;2023-03-01;01/03/2023;Utility Statement;Monthly
CAMB;01/03/2023;3085208.4166666665;CAMB-SS01-P;2023-03-01;01/03/2023;Utility Statement;Monthly
CASH;01/03/2023;2117186.0;CASH-SS01-P;2023-03-01;01/03/2023;Utility Statement;Monthly
DIJO;01/03/2023;1507233.0;DIJO-SS01-P;2023-03-01;01/03/2023;Utility Statement;Monthly
CHAG;01/03/2023;426099.0833333333;CHAG-SS01-P;2023-03-01;01/03/2023;Utility Statement;Monthly
CHGO;01/03/2023;2807462.1666666665;CHGO-SS01-P;2023-03-01;01/03/2023;Utility Statement;Monthly
CHGO;01/03/2023;2025917.0;CHGO-SS02-P;2023-03-01;01/03/2023;Utility Statement;Monthly
CEP1;01/03/2023;3487390.4166666665;CEP1-SS01-P;2023-03-01;01/03/2023;Utility Statement;Monthly
CEP2;01/03/2023;2900158.3333333335;CEP2-SS01-P;2023-03-01;01/03/2023;Utility Statement;Monthly
CLA2;01/03/2023;663495.8333333334;CLA2-SS01-P;2023-03-01;01/03/2023;Utility Statement;Monthly
CLA2;01/03/2023;682763.0833333334;CLA2-SS02-P;2023-03-01;01/03/2023;Utility Statement;Monthly
CLAM;01/03/2023;2601545.0;CLAM-SS01-P;2023-03-01;01/03/2023;Utility Statement;Monthly
CLAN;01/03/2023;2324014.0833333335;CLAN-SS01-P;2023-03-01;01/03/2023;Utility Statement;Monthly
CLAN;01/03/2023;2263082.5;CLAN-SS02-P;2023-03-01;01/03/2023;Utility Statement;Monthly
CLIT;01/03/2023;625376.5;CLIT-SS01-P;2023-03-01;01/03/2023;Utility Statement;Monthly
CONI;01/03/2023;3112920.3333333335;CONI-SS01-P;2023-03-01;01/03/2023;Utility Statement;Monthly
AUCO;01/03/2023;2155275.5833333335;AUCO-SS01-P;2023-03-01;01/03/2023;Utility Statement;Monthly
COUR;01/03/2023;3194180.75;COUR-SS01-P;2023-03-01;01/03/2023;Utility Statement;Monthly
DEM1;01/03/2023;2785389.0;DEM1-SS01-P;2023-03-01;01/03/2023;Utility Statement;Monthly
DEM2;01/03/2023;3486534.9166666665;DEM2-SS01-P;2023-03-01;01/03/2023;Utility Statement;Monthly
ERIZ;01/03/2023;2528287.5833333335;ERIZ-SS01-P;2023-03-01;01/03/2023;Utility Statement;Monthly
ESPI;01/03/2023;1870391.75;ESPI-SS01-P;2023-03-01;01/03/2023;Utility Statement;Monthly
ESPS;01/03/2023;2785334.25;ESPS-SS02-P;2023-03-01;01/03/2023;Utility Statement;Monthly
FECA;01/03/2023;1192838.1666666667;FECA-SS01-P;2023-03-01;01/03/2023;Utility Statement;Monthly
FEND;01/03/2023;514844.0833333333;FEND-SS01-P;2023-03-01;01/03/2023;Utility Statement;Monthly
FIEN;01/03/2023;3805047.5;FIEN-SS01-P;2023-03-01;01/03/2023;Utility Statement;Monthly
FITO;01/03/2023;2133342.0;FITO-SS01-P;2023-03-01;01/03/2023;Utility Statement;Monthly
CEFF;01/03/2023;2291291.25;CEFF-SS01-P;2023-03-01;01/03/2023;Utility Statement;Monthly
FOSS;01/03/2023;1401932.9166666667;FOSS-SS01-P;2023-03-01;01/03/2023;Utility Statement;Monthly
FREY;01/03/2023;2871811.5833333335;FREY-SS01-P;2023-03-01;01/03/2023;Utility Statement;Monthly
GAB1;01/03/2023;925114.0;GAB1-SS01-P;2023-03-01;01/03/2023;Utility Statement;Monthly
GAB4;01/03/2023;962837.6666666666;GAB4-SS01-P;2023-03-01;01/03/2023;Utility Statement;Monthly
GAB7;01/03/2023;205676.91666666666;GAB7-SS01-P;2023-03-01;01/03/2023;Utility Statement;Monthly
GABT;01/03/2023;219114.83333333334;GABT-SS01-P;2023-03-01;01/03/2023;Utility Statement;Monthly
GAR1;01/03/2023;3006734.0;GAR1-SS01-P;2023-03-01;01/03/2023;Utility Statement;Monthly
GAR2;01/03/2023;2775179.1666666665;GAR2-SS01-P;2023-03-01;01/03/2023;Utility Statement;Monthly
GRGT;01/03/2023;1331665.25;GRGT-SS01-P;2023-03-01;01/03/2023;Utility Statement;Monthly
GRPL;01/03/2023;3758965.6666666665;GRPL-SS01-P;2023-03-01;01/03/2023;Utility Statement;Monthly
GUIL;01/03/2023;2353236.5;GUIL-SS01-P;2023-03-01;01/03/2023;Utility Statement;Monthly
GUIL;01/03/2023;3678579.4166666665;GUIL-SS02-P;2023-03-01;01/03/2023;Utility Statement;Monthly
HENI;01/03/2023;1736112.25;HENI-SS01-P;2023-03-01;01/03/2023;Utility Statement;Monthly
HERO;01/03/2023;2236299.5833333335;HERO-SS01-P;2023-03-01;01/03/2023;Utility Statement;Monthly
JADE;01/03/2023;2355595.1666666665;JADE-SS01-P;2023-03-01;01/03/2023;Utility Statement;Monthly
JON2;01/03/2023;1125245.8333333333;JON2-SS01-P;2023-03-01;01/03/2023;Utility Statement;Monthly
JONC;01/03/2023;1854260.4166666667;JONC-SS01-P;2023-03-01;01/03/2023;Utility Statement;Monthly
LBDF;01/03/2023;2703568.1666666665;LBDF-SS01-P;2023-03-01;01/03/2023;Utility Statement;Monthly
CARN;01/03/2023;3531270.0;CARN-SS01-P;2023-03-01;01/03/2023;Utility Statement;Monthly
CARN;01/03/2023;2153685.1666666665;CARN-SS02-P;2023-03-01;01/03/2023;Utility Statement;Monthly
HAB1;01/03/2023;3365262.4166666665;HAB1-SS01-P;2023-03-01;01/03/2023;Utility Statement;Monthly
HAB2;01/03/2023;2850901.1666666665;HAB2-SS01-P;2023-03-01;01/03/2023;Utility Statement;Monthly
NOUR;01/03/2023;2469124.75;NOUR-SS01-P;2023-03-01;01/03/2023;Utility Statement;Monthly
LAPI;01/03/2023;1519491.25;LAPI-SS01-P;2023-03-01;01/03/2023;Utility Statement;Monthly
LAGN;01/03/2023;270835.75;LAGN-SS01-P;2023-03-01;01/03/2023;Utility Statement;Monthly
LDTE;01/03/2023;2476104.0;LDTE-SS01-P;2023-03-01;01/03/2023;Utility Statement;Monthly
LANE;01/03/2023;2438446.0;LANE-SS01-P;2023-03-01;01/03/2023;Utility Statement;Monthly
RODU;01/03/2023;1586279.4166666667;RODU-SS01-P;2023-03-01;01/03/2023;Utility Statement;Monthly
LERO;01/03/2023;1066743.75;LERO-SS01-P;2023-03-01;01/03/2023;Utility Statement;Monthly
COT1;01/03/2023;2797511.5;COT1-SS01-P;2023-03-01;01/03/2023;Utility Statement;Monthly
COT2;01/03/2023;3060201.9166666665;COT2-SS01-P;2023-03-01;01/03/2023;Utility Statement;Monthly
COT3;01/03/2023;2735246.0833333335;COT3-SS01-P;2023-03-01;01/03/2023;Utility Statement;Monthly
COT4;01/03/2023;2195921.0;COT4-SS01-P;2023-03-01;01/03/2023;Utility Statement;Monthly
LEMO;01/03/2023;3736919.1666666665;LEMO-SS01-P;2023-03-01;01/03/2023;Utility Statement;Monthly
PLOS;01/03/2023;3093424.75;PLOS-SS01-P;2023-03-01;01/03/2023;Utility Statement;Monthly
SABL;01/03/2023;3039039.5833333335;SABL-SS01-P;2023-03-01;01/03/2023;Utility Statement;Monthly
FAYD;01/03/2023;2615525.5833333335;FAYD-SS01-P;2023-03-01;01/03/2023;Utility Statement;Monthly
LOMO;01/03/2023;2178962.0833333335;LOMO-SS02-P;2023-03-01;01/03/2023;Utility Statement;Monthly
LOMO;01/03/2023;2395740.0;LOMO-SS01-P;2023-03-01;01/03/2023;Utility Statement;Monthly
LEPI;01/03/2023;2228997.25;LEPI-SS01-P;2023-03-01;01/03/2023;Utility Statement;Monthly
LORO;01/03/2023;2403978.3333333335;LORO-SS01-P;2023-03-01;01/03/2023;Utility Statement;Monthly
LORO;01/03/2023;2980676.4166666665;LORO-SS02-P;2023-03-01;01/03/2023;Utility Statement;Monthly
LORO;01/03/2023;1594942.25;LORO-SS03-P;2023-03-01;01/03/2023;Utility Statement;Monthly
LORO;01/03/2023;2896960.0;LORO-SS04-P;2023-03-01;01/03/2023;Utility Statement;Monthly
LORO;01/03/2023;2743765.9166666665;LORO-SS05-P;2023-03-01;01/03/2023;Utility Statement;Monthly
LOPV;01/03/2023;2200352.0;LOPV-SS01-P;2023-03-01;01/03/2023;Utility Statement;Monthly
LOU2;01/03/2023;353549.0;LOU2-SS01-P;2023-03-01;01/03/2023;Utility Statement;Monthly
LOYE;01/03/2023;470480.0;LOYE-SS01-P;2023-03-01;01/03/2023;Utility Statement;Monthly
LUC2;01/03/2023;2758310.3333333335;LUC2-SS01-P;2023-03-01;01/03/2023;Utility Statement;Monthly
LUCO;01/03/2023;2454678.1666666665;LUCO-SS01-P;2023-03-01;01/03/2023;Utility Statement;Monthly
LUX1;01/03/2023;806028.3333333334;LUX1-SS01-P;2023-03-01;01/03/2023;Utility Statement;Monthly
MACH;01/03/2023;2187279.0;MACH-SS01-P;2023-03-01;01/03/2023;Utility Statement;Monthly
MAG1;01/03/2023;2169123.4166666665;MAG1-SS01-P;2023-03-01;01/03/2023;Utility Statement;Monthly
MAG3;01/03/2023;1242452.0;MAG3-SS01-P;2023-03-01;01/03/2023;Utility Statement;Monthly
MANO;01/03/2023;509440.4166666667;MANO-SS01-P;2023-03-01;01/03/2023;Utility Statement;Monthly
MAUR;01/03/2023;2800295.6666666665;MAUR-SS01-P;2023-03-01;01/03/2023;Utility Statement;Monthly
MAZU;01/03/2023;4132448.0;MAZU-SS01-P;2023-03-01;01/03/2023;Utility Statement;Monthly
MDR1;01/03/2023;468696.9166666667;MDR1-SS01-P;2023-03-01;01/03/2023;Utility Statement;Monthly
MTL1;01/03/2023;2518707.1666666665;MTL1-SS01-P;2023-03-01;01/03/2023;Utility Statement;Monthly
MOTG;01/03/2023;3995160.8333333335;MOTG-SS01-P;2023-03-01;01/03/2023;Utility Statement;Monthly
MOTG;01/03/2023;681414.8333333334;MOTG-SS02-P;2023-03-01;01/03/2023;Utility Statement;Monthly
MODF;01/03/2023;2681816.6666666665;MODF-SS01-P;2023-03-01;01/03/2023;Utility Statement;Monthly
NAC1;01/03/2023;3246958.6666666665;NAC1-SS01-P;2023-03-01;01/03/2023;Utility Statement;Monthly
NAC2;01/03/2023;2524079.6666666665;NAC2-SS01-P;2023-03-01;01/03/2023;Utility Statement;Monthly
NARB;01/03/2023;313001.0;NARB-SS01-P;2023-03-01;01/03/2023;Utility Statement;Monthly
NARB;01/03/2023;372321.4166666667;NARB-SS02-P;2023-03-01;01/03/2023;Utility Statement;Monthly
CDBO;01/03/2023;3249813.8333333335;CDBO-SS01-P;2023-03-01;01/03/2023;Utility Statement;Monthly
NIED;01/03/2023;2751496.6666666665;NIED-SS01-P;2023-03-01;01/03/2023;Utility Statement;Monthly
NIEV;01/03/2023;1304957.3333333333;NIEV-SS01-P;2023-03-01;01/03/2023;Utility Statement;Monthly
NIPL;01/03/2023;1287701.5833333333;NIPL-SS01-P;2023-03-01;01/03/2023;Utility Statement;Monthly
OUPI;01/03/2023;1380594.8333333333;OUPI-SS01-P;2023-03-01;01/03/2023;Utility Statement;Monthly
PAAN;01/03/2023;3438115.0;PAAN-SS01-P;2023-03-01;01/03/2023;Utility Statement;Monthly
PAAN;01/03/2023;3550206.6666666665;PAAN-SS02-P;2023-03-01;01/03/2023;Utility Statement;Monthly
PEMO;01/03/2023;1340615.1666666667;PEMO-SS01-P;2023-03-01;01/03/2023;Utility Statement;Monthly
PLES;01/03/2023;3340658.4166666665;PLES-SS01-P;2023-03-01;01/03/2023;Utility Statement;Monthly
PLGR;01/03/2023;2519677.25;PLGR-SS01-P;2023-03-01;01/03/2023;Utility Statement;Monthly
PLAN;01/03/2023;3570293.1666666665;PLAN-SS01-P;2023-03-01;01/03/2023;Utility Statement;Monthly
PLAN;01/03/2023;2694075.1666666665;PLAN-SS02-P;2023-03-01;01/03/2023;Utility Statement;Monthly
PLAT;01/03/2023;1645161.75;PLAT-SS01-P;2023-03-01;01/03/2023;Utility Statement;Monthly
PLEU;01/03/2023;3203404.5;PLEU-SS01-P;2023-03-01;01/03/2023;Utility Statement;Monthly
PDCE;01/03/2023;2469164.75;PDCE-SS01-P;2023-03-01;01/03/2023;Utility Statement;Monthly
PDCE;01/03/2023;611399.4166666666;PDCE-SS02-P;2023-03-01;01/03/2023;Utility Statement;Monthly
PDFE;01/03/2023;2450398.8333333335;PDFE-SS01-P;2023-03-01;01/03/2023;Utility Statement;Monthly
PZIN;01/03/2023;514401.75;PZIN-SS02-P;2023-03-01;01/03/2023;Utility Statement;Monthly
PZIN;01/03/2023;444368.25;PZIN-SS01-P;2023-03-01;01/03/2023;Utility Statement;Monthly
POUZ;01/03/2023;952276.5833333334;POUZ-SS01-P;2023-03-01;01/03/2023;Utility Statement;Monthly
PUYL;01/03/2023;907861.0;PUYL-SS01-P;2023-03-01;01/03/2023;Utility Statement;Monthly
RAM1;01/03/2023;2817091.1666666665;RAM1-SS01-P;2023-03-01;01/03/2023;Utility Statement;Monthly
RAM2;01/03/2023;1500777.5833333333;RAM2-SS01-P;2023-03-01;01/03/2023;Utility Statement;Monthly
RAM2;01/03/2023;1528657.1666666667;RAM2-SS02-P;2023-03-01;01/03/2023;Utility Statement;Monthly
RAM2;01/03/2023;3175195.5833333335;RAM2-SS03-P;2023-03-01;01/03/2023;Utility Statement;Monthly
RIBE;01/03/2023;2995527.4166666665;RIBE-SS01-P;2023-03-01;01/03/2023;Utility Statement;Monthly
RIOL;01/03/2023;516045.5833333333;RIOL-SS01-P;2023-03-01;01/03/2023;Utility Statement;Monthly
FRA1;01/03/2023;0.0;FRA1-SS01-P;2023-03-01;01/03/2023;Utility Statement;Monthly
FRA2;01/03/2023;905457.1666666666;FRA2-SS01-P;2023-03-01;01/03/2023;Utility Statement;Monthly
ROUS;01/03/2023;2842130.3333333335;ROUS-SS01-P;2023-03-01;01/03/2023;Utility Statement;Monthly
ROUS;01/03/2023;2004520.1666666667;ROUS-SS02-P;2023-03-01;01/03/2023;Utility Statement;Monthly
STAU;01/03/2023;2803386.0;STAU-SS01-P;2023-03-01;01/03/2023;Utility Statement;Monthly
STPA;01/03/2023;599705.6666666666;STPA-SS01-P;2023-03-01;01/03/2023;Utility Statement;Monthly
SALL;01/03/2023;2591842.8333333335;SALL-SS01-P;2023-03-01;01/03/2023;Utility Statement;Monthly
SALZ;01/03/2023;454981.9166666667;SALZ-SS01-P;2023-03-01;01/03/2023;Utility Statement;Monthly
SAMO;01/03/2023;326839.3333333333;SAMO-SS01-P;2023-03-01;01/03/2023;Utility Statement;Monthly
SAUV;01/03/2023;2804731.0;SAUV-SS01-P;2023-03-01;01/03/2023;Utility Statement;Monthly
SERY;01/03/2023;2532271.4166666665;SERY-SS01-P;2023-03-01;01/03/2023;Utility Statement;Monthly
SBAP;01/03/2023;5342033.0;SBAP-SS01-P;2023-03-01;01/03/2023;Utility Statement;Monthly
SJVX;01/03/2023;262281.0;SJVX-SS01-P;2023-03-01;01/03/2023;Utility Statement;Monthly
STMB;01/03/2023;1605222.5833333333;STMB-SS01-P;2023-03-01;01/03/2023;Utility Statement;Monthly
STME;01/03/2023;1649349.5833333333;STME-SS01-P;2023-03-01;01/03/2023;Utility Statement;Monthly
STSI;01/03/2023;1509094.0833333333;STSI-SS01-P;2023-03-01;01/03/2023;Utility Statement;Monthly
STUL;01/03/2023;647832.5833333334;STUL-SS01-P;2023-03-01;01/03/2023;Utility Statement;Monthly
STEN;01/03/2023;2355893.5833333335;STEN-SS01-P;2023-03-01;01/03/2023;Utility Statement;Monthly
SUBY;01/03/2023;787997.5;SUBY-SS01-P;2023-03-01;01/03/2023;Utility Statement;Monthly
SUBY;01/03/2023;126346.66666666667;SUBY-SS02-P;2023-03-01;01/03/2023;Utility Statement;Monthly
SARA;01/03/2023;2074967.9166666667;SARA-SS01-P;2023-03-01;01/03/2023;Utility Statement;Monthly
SARA;01/03/2023;2805998.0;SARA-SS02-P;2023-03-01;01/03/2023;Utility Statement;Monthly
SARA;01/03/2023;2714052.0833333335;SARA-SS03-P;2023-03-01;01/03/2023;Utility Statement;Monthly
TLGR;01/03/2023;4416818.583333333;TLGR-SS01-P;2023-03-01;01/03/2023;Utility Statement;Monthly
VANA;01/03/2023;1835032.4166666667;VANA-SS01-P;2023-03-01;01/03/2023;Utility Statement;Monthly
VARA;01/03/2023;1691031.8333333333;VARA-SS01-P;2023-03-01;01/03/2023;Utility Statement;Monthly
VEUL;01/03/2023;2748953.1666666665;VEUL-SS01-P;2023-03-01;01/03/2023;Utility Statement;Monthly
CDBO;01/03/2023;3331029.1666666665;CDBO-SS02-P;2023-03-01;01/03/2023;Utility Statement;Monthly
VISE;01/03/2023;1553319.5;VISE-SS01-P;2023-03-01;01/03/2023;Utility Statement;Monthly
TRFR;01/04/2023;679464.3333333334;TRFR-SS01-P;2023-04-01;01/04/2023;Utility Statement;Monthly
SOUR;01/04/2023;2149706.0;SOUR-SS01-P;2023-04-01;01/04/2023;Utility Statement;Monthly
SOUR;01/04/2023;1565617.5833333333;SOUR-SS02-P;2023-04-01;01/04/2023;Utility Statement;Monthly
AUQB;01/04/2023;1626030.1666666667;AUQB-SS01-P;2023-04-01;01/04/2023;Utility Statement;Monthly
QVA3;01/04/2023;1850964.8333333333;QVA3-SS01-P;2023-04-01;01/04/2023;Utility Statement;Monthly
QVA3;01/04/2023;1169010.4166666667;QVA3-SS02-P;2023-04-01;01/04/2023;Utility Statement;Monthly
ALVI;01/04/2023;3600856.75;ALVI-SS01-P;2023-04-01;01/04/2023;Utility Statement;Monthly
AMBE;01/04/2023;1355048.25;AMBE-SS01-P;2023-04-01;01/04/2023;Utility Statement;Monthly
AMEL;01/04/2023;1903958.0;AMEL-SS01-P;2023-04-01;01/04/2023;Utility Statement;Monthly
ANPA;01/04/2023;2871548.25;ANPA-SS01-P;2023-04-01;01/04/2023;Utility Statement;Monthly
SAMI;01/04/2023;1147602.75;SAMI-SS01-P;2023-04-01;01/04/2023;Utility Statement;Monthly
ARAM;01/04/2023;758986.4166666666;ARAM-SS01-P;2023-04-01;01/04/2023;Utility Statement;Monthly
ARTI;01/04/2023;537385.75;ARTI-SS01-P;2023-04-01;01/04/2023;Utility Statement;Monthly
AUM3;01/04/2023;2010555.0;AUM3-SS01-P;2023-04-01;01/04/2023;Utility Statement;Monthly
BAMB;01/04/2023;1414602.3333333333;BAMB-SS01-P;2023-04-01;01/04/2023;Utility Statement;Monthly
BTS1;01/04/2023;2197709.1666666665;BTS1-SS01-P;2023-04-01;01/04/2023;Utility Statement;Monthly
BTS2;01/04/2023;2096584.0;BTS2-SS01-P;2023-04-01;01/04/2023;Utility Statement;Monthly
BVER;01/04/2023;1996131.4166666667;BVER-SS01-P;2023-04-01;01/04/2023;Utility Statement;Monthly
BEAU;01/04/2023;1785978.75;BEAU-SS01-P;2023-04-01;01/04/2023;Utility Statement;Monthly
BDBS;01/04/2023;2747920.5;BDBS-SS01-P;2023-04-01;01/04/2023;Utility Statement;Monthly
BDBS;01/04/2023;706045.6666666666;BDBS-SS02-P;2023-04-01;01/04/2023;Utility Statement;Monthly
BLAU;01/04/2023;1502.5;BLAU-SS01-P;2023-04-01;01/04/2023;Utility Statement;Monthly
BARB;01/04/2023;1508189.1666666667;BARB-SS01-P;2023-04-01;01/04/2023;Utility Statement;Monthly
BOUS;01/04/2023;937834.0;BOUS-SS01-P;2023-04-01;01/04/2023;Utility Statement;Monthly
BRIA;01/04/2023;1719832.0833333333;BRIA-SS01-P;2023-04-01;01/04/2023;Utility Statement;Monthly
BRIY;01/04/2023;949392.3333333334;BRIY-SS01-P;2023-04-01;01/04/2023;Utility Statement;Monthly
CAMB;01/04/2023;3126812.75;CAMB-SS01-P;2023-04-01;01/04/2023;Utility Statement;Monthly
CASH;01/04/2023;2223432.0;CASH-SS01-P;2023-04-01;01/04/2023;Utility Statement;Monthly
DIJO;01/04/2023;1860059.0;DIJO-SS01-P;2023-04-01;01/04/2023;Utility Statement;Monthly
CHAG;01/04/2023;526936.0;CHAG-SS01-P;2023-04-01;01/04/2023;Utility Statement;Monthly
CHGO;01/04/2023;1899902.6666666667;CHGO-SS01-P;2023-04-01;01/04/2023;Utility Statement;Monthly
CHGO;01/04/2023;1419364.5;CHGO-SS02-P;2023-04-01;01/04/2023;Utility Statement;Monthly
CEP1;01/04/2023;2325278.8333333335;CEP1-SS01-P;2023-04-01;01/04/2023;Utility Statement;Monthly
CEP2;01/04/2023;1814650.0;CEP2-SS01-P;2023-04-01;01/04/2023;Utility Statement;Monthly
CLA2;01/04/2023;367503.5;CLA2-SS01-P;2023-04-01;01/04/2023;Utility Statement;Monthly
CLA2;01/04/2023;375451.0;CLA2-SS02-P;2023-04-01;01/04/2023;Utility Statement;Monthly
CLAM;01/04/2023;1458644.9166666667;CLAM-SS01-P;2023-04-01;01/04/2023;Utility Statement;Monthly
CLAN;01/04/2023;1542904.25;CLAN-SS01-P;2023-04-01;01/04/2023;Utility Statement;Monthly
CLAN;01/04/2023;1479913.9166666667;CLAN-SS02-P;2023-04-01;01/04/2023;Utility Statement;Monthly
CLIT;01/04/2023;324047.6666666667;CLIT-SS01-P;2023-04-01;01/04/2023;Utility Statement;Monthly
COLB;01/04/2023;570894.8333333334;COLB-SS01-P;2023-04-01;01/04/2023;Utility Statement;Monthly
CONI;01/04/2023;3135996.4166666665;CONI-SS01-P;2023-04-01;01/04/2023;Utility Statement;Monthly
AUCO;01/04/2023;1822075.1666666667;AUCO-SS01-P;2023-04-01;01/04/2023;Utility Statement;Monthly
COUR;01/04/2023;1794863.25;COUR-SS01-P;2023-04-01;01/04/2023;Utility Statement;Monthly
DEM1;01/04/2023;2012352.5;DEM1-SS01-P;2023-04-01;01/04/2023;Utility Statement;Monthly
DEM2;01/04/2023;2516275.0833333335;DEM2-SS01-P;2023-04-01;01/04/2023;Utility Statement;Monthly
ERIZ;01/04/2023;1356411.9166666667;ERIZ-SS01-P;2023-04-01;01/04/2023;Utility Statement;Monthly
ESPI;01/04/2023;1400348.4166666667;ESPI-SS01-P;2023-04-01;01/04/2023;Utility Statement;Monthly
ESPS;01/04/2023;2191557.25;ESPS-SS02-P;2023-04-01;01/04/2023;Utility Statement;Monthly
EYGU;01/04/2023;1898366.1666666667;EYGU-SS01-P;2023-04-01;01/04/2023;Utility Statement;Monthly
FECA;01/04/2023;620801.0;FECA-SS01-P;2023-04-01;01/04/2023;Utility Statement;Monthly
FEND;01/04/2023;608187.25;FEND-SS01-P;2023-04-01;01/04/2023;Utility Statement;Monthly
FIEN;01/04/2023;1935999.4166666667;FIEN-SS01-P;2023-04-01;01/04/2023;Utility Statement;Monthly
FITO;01/04/2023;1909145.25;FITO-SS01-P;2023-04-01;01/04/2023;Utility Statement;Monthly
CEFF;01/04/2023;1511362.5833333333;CEFF-SS01-P;2023-04-01;01/04/2023;Utility Statement;Monthly
FOSS;01/04/2023;1830721.25;FOSS-SS01-P;2023-04-01;01/04/2023;Utility Statement;Monthly
FREY;01/04/2023;2267437.25;FREY-SS01-P;2023-04-01;01/04/2023;Utility Statement;Monthly
GAB1;01/04/2023;1088965.5833333333;GAB1-SS01-P;2023-04-01;01/04/2023;Utility Statement;Monthly
GAB4;01/04/2023;910223.5833333334;GAB4-SS01-P;2023-04-01;01/04/2023;Utility Statement;Monthly
GAB7;01/04/2023;255809.0;GAB7-SS01-P;2023-04-01;01/04/2023;Utility Statement;Monthly
GABT;01/04/2023;292013.25;GABT-SS01-P;2023-04-01;01/04/2023;Utility Statement;Monthly
GAR1;01/04/2023;1706112.0;GAR1-SS01-P;2023-04-01;01/04/2023;Utility Statement;Monthly
GAR2;01/04/2023;1593989.6666666667;GAR2-SS01-P;2023-04-01;01/04/2023;Utility Statement;Monthly
GRGT;01/04/2023;1748874.6666666667;GRGT-SS01-P;2023-04-01;01/04/2023;Utility Statement;Monthly
GRPL;01/04/2023;1847935.5833333333;GRPL-SS01-P;2023-04-01;01/04/2023;Utility Statement;Monthly
GUIL;01/04/2023;1443794.25;GUIL-SS01-P;2023-04-01;01/04/2023;Utility Statement;Monthly
GUIL;01/04/2023;2370607.25;GUIL-SS02-P;2023-04-01;01/04/2023;Utility Statement;Monthly
HENI;01/04/2023;895940.5833333334;HENI-SS01-P;2023-04-01;01/04/2023;Utility Statement;Monthly
HERO;01/04/2023;1047439.6666666666;HERO-SS01-P;2023-04-01;01/04/2023;Utility Statement;Monthly
JADE;01/04/2023;1655893.25;JADE-SS01-P;2023-04-01;01/04/2023;Utility Statement;Monthly
JON2;01/04/2023;1095318.0833333333;JON2-SS01-P;2023-04-01;01/04/2023;Utility Statement;Monthly
JONC;01/04/2023;1977637.5833333333;JONC-SS01-P;2023-04-01;01/04/2023;Utility Statement;Monthly
LBDF;01/04/2023;1303470.0;LBDF-SS01-P;2023-04-01;01/04/2023;Utility Statement;Monthly
CARN;01/04/2023;1821850.1666666667;CARN-SS01-P;2023-04-01;01/04/2023;Utility Statement;Monthly
CARN;01/04/2023;1971841.0;CARN-SS02-P;2023-04-01;01/04/2023;Utility Statement;Monthly
HAB1;01/04/2023;1834513.1666666667;HAB1-SS01-P;2023-04-01;01/04/2023;Utility Statement;Monthly
HAB2;01/04/2023;1508255.25;HAB2-SS01-P;2023-04-01;01/04/2023;Utility Statement;Monthly
NOUR;01/04/2023;1209971.5833333333;NOUR-SS01-P;2023-04-01;01/04/2023;Utility Statement;Monthly
LAPI;01/04/2023;1148651.5833333333;LAPI-SS01-P;2023-04-01;01/04/2023;Utility Statement;Monthly
LAGN;01/04/2023;316007.6666666667;LAGN-SS01-P;2023-04-01;01/04/2023;Utility Statement;Monthly
LDTE;01/04/2023;1194653.4166666667;LDTE-SS01-P;2023-04-01;01/04/2023;Utility Statement;Monthly
LANE;01/04/2023;1439908.5;LANE-SS01-P;2023-04-01;01/04/2023;Utility Statement;Monthly
RODU;01/04/2023;637941.0;RODU-SS01-P;2023-04-01;01/04/2023;Utility Statement;Monthly
LERO;01/04/2023;592410.9166666666;LERO-SS01-P;2023-04-01;01/04/2023;Utility Statement;Monthly
COT1;01/04/2023;1897833.6666666667;COT1-SS01-P;2023-04-01;01/04/2023;Utility Statement;Monthly
COT2;01/04/2023;1791923.1666666667;COT2-SS01-P;2023-04-01;01/04/2023;Utility Statement;Monthly
COT3;01/04/2023;1648094.0;COT3-SS01-P;2023-04-01;01/04/2023;Utility Statement;Monthly
COT4;01/04/2023;1456867.1666666667;COT4-SS01-P;2023-04-01;01/04/2023;Utility Statement;Monthly
LEMO;01/04/2023;2448338.4166666665;LEMO-SS01-P;2023-04-01;01/04/2023;Utility Statement;Monthly
PLOS;01/04/2023;2578017.25;PLOS-SS01-P;2023-04-01;01/04/2023;Utility Statement;Monthly
SABL;01/04/2023;1402258.8333333333;SABL-SS01-P;2023-04-01;01/04/2023;Utility Statement;Monthly
FAYD;01/04/2023;2383042.9166666665;FAYD-SS01-P;2023-04-01;01/04/2023;Utility Statement;Monthly
LOMO;01/04/2023;1315524.3333333333;LOMO-SS02-P;2023-04-01;01/04/2023;Utility Statement;Monthly
LOMO;01/04/2023;1460507.25;LOMO-SS01-P;2023-04-01;01/04/2023;Utility Statement;Monthly
LEPI;01/04/2023;1311127.1666666667;LEPI-SS01-P;2023-04-01;01/04/2023;Utility Statement;Monthly
LORO;01/04/2023;1171714.75;LORO-SS01-P;2023-04-01;01/04/2023;Utility Statement;Monthly
LORO;01/04/2023;1538937.1666666667;LORO-SS02-P;2023-04-01;01/04/2023;Utility Statement;Monthly
LORO;01/04/2023;1035639.1666666666;LORO-SS03-P;2023-04-01;01/04/2023;Utility Statement;Monthly
LORO;01/04/2023;1438326.25;LORO-SS04-P;2023-04-01;01/04/2023;Utility Statement;Monthly
LORO;01/04/2023;1568748.25;LORO-SS05-P;2023-04-01;01/04/2023;Utility Statement;Monthly
LOPV;01/04/2023;2384152.4166666665;LOPV-SS01-P;2023-04-01;01/04/2023;Utility Statement;Monthly
LOU2;01/04/2023;361034.1666666667;LOU2-SS01-P;2023-04-01;01/04/2023;Utility Statement;Monthly
LOYE;01/04/2023;588729.5833333334;LOYE-SS01-P;2023-04-01;01/04/2023;Utility Statement;Monthly
LUC2;01/04/2023;2825279.25;LUC2-SS01-P;2023-04-01;01/04/2023;Utility Statement;Monthly
LUCO;01/04/2023;2473992.9166666665;LUCO-SS01-P;2023-04-01;01/04/2023;Utility Statement;Monthly
LUX1;01/04/2023;1020045.5;LUX1-SS01-P;2023-04-01;01/04/2023;Utility Statement;Monthly
MACH;01/04/2023;1139557.25;MACH-SS01-P;2023-04-01;01/04/2023;Utility Statement;Monthly
MAG1;01/04/2023;1467277.1666666667;MAG1-SS01-P;2023-04-01;01/04/2023;Utility Statement;Monthly
MAG3;01/04/2023;882896.5833333334;MAG3-SS01-P;2023-04-01;01/04/2023;Utility Statement;Monthly
MANO;01/04/2023;583053.0;MANO-SS01-P;2023-04-01;01/04/2023;Utility Statement;Monthly
MAUR;01/04/2023;1065574.8333333333;MAUR-SS01-P;2023-04-01;01/04/2023;Utility Statement;Monthly
MAZE;02/04/2023;346367.9166666667;MAZE-SS01-P;2023-04-02;02/04/2023;Utility Statement;Monthly
MAZU;01/04/2023;2575811.25;MAZU-SS01-P;2023-04-01;01/04/2023;Utility Statement;Monthly
MDR1;01/04/2023;729720.5833333334;MDR1-SS01-P;2023-04-01;01/04/2023;Utility Statement;Monthly
MTL1;01/04/2023;2018556.3333333333;MTL1-SS01-P;2023-04-01;01/04/2023;Utility Statement;Monthly
MOTG;01/04/2023;2352309.75;MOTG-SS01-P;2023-04-01;01/04/2023;Utility Statement;Monthly
MOTG;01/04/2023;435537.6666666667;MOTG-SS02-P;2023-04-01;01/04/2023;Utility Statement;Monthly
MODF;01/04/2023;1404384.8333333333;MODF-SS01-P;2023-04-01;01/04/2023;Utility Statement;Monthly
NAC1;01/04/2023;2683569.8333333335;NAC1-SS01-P;2023-04-01;01/04/2023;Utility Statement;Monthly
NAC2;01/04/2023;2007683.25;NAC2-SS01-P;2023-04-01;01/04/2023;Utility Statement;Monthly
NARB;01/04/2023;373404.0;NARB-SS01-P;2023-04-01;01/04/2023;Utility Statement;Monthly
NARB;01/04/2023;461699.4166666667;NARB-SS02-P;2023-04-01;01/04/2023;Utility Statement;Monthly
CDBO;01/04/2023;1931925.5;CDBO-SS01-P;2023-04-01;01/04/2023;Utility Statement;Monthly
NIED;01/04/2023;1650780.0;NIED-SS01-P;2023-04-01;01/04/2023;Utility Statement;Monthly
NIEV;01/04/2023;1664302.75;NIEV-SS01-P;2023-04-01;01/04/2023;Utility Statement;Monthly
NIPL;01/04/2023;674078.8333333334;NIPL-SS01-P;2023-04-01;01/04/2023;Utility Statement;Monthly
NITR;01/04/2023;405184.8333333333;NITR-SS01-P;2023-04-01;01/04/2023;Utility Statement;Monthly
OUPI;01/04/2023;0.0;OUPI-SS01-P;2023-04-01;01/04/2023;Utility Statement;Monthly
PAAN;01/04/2023;2329662.8333333335;PAAN-SS01-P;2023-04-01;01/04/2023;Utility Statement;Monthly
PAAN;01/04/2023;2398426.8333333335;PAAN-SS02-P;2023-04-01;01/04/2023;Utility Statement;Monthly
PEMO;01/04/2023;1048596.0;PEMO-SS01-P;2023-04-01;01/04/2023;Utility Statement;Monthly
PLES;01/04/2023;2027460.75;PLES-SS01-P;2023-04-01;01/04/2023;Utility Statement;Monthly
PLGR;01/04/2023;1449.25;PLGR-SS01-P;2023-04-01;01/04/2023;Utility Statement;Monthly
PLAN;01/04/2023;2317855.25;PLAN-SS01-P;2023-04-01;01/04/2023;Utility Statement;Monthly
PLAN;01/04/2023;1883178.4166666667;PLAN-SS02-P;2023-04-01;01/04/2023;Utility Statement;Monthly
PLAT;01/04/2023;669287.5;PLAT-SS01-P;2023-04-01;01/04/2023;Utility Statement;Monthly
PLEU;01/04/2023;1445842.25;PLEU-SS01-P;2023-04-01;01/04/2023;Utility Statement;Monthly
PDCE;01/04/2023;1367889.5833333333;PDCE-SS01-P;2023-04-01;01/04/2023;Utility Statement;Monthly
PDCE;01/04/2023;356246.0833333333;PDCE-SS02-P;2023-04-01;01/04/2023;Utility Statement;Monthly
PDFE;01/04/2023;1467580.0;PDFE-SS01-P;2023-04-01;01/04/2023;Utility Statement;Monthly
PZIN;01/04/2023;601684.9166666666;PZIN-SS02-P;2023-04-01;01/04/2023;Utility Statement;Monthly
PZIN;01/04/2023;528371.6666666666;PZIN-SS01-P;2023-04-01;01/04/2023;Utility Statement;Monthly
POUZ;01/04/2023;1221478.4166666667;POUZ-SS01-P;2023-04-01;01/04/2023;Utility Statement;Monthly
PUYL;01/04/2023;1030352.75;PUYL-SS01-P;2023-04-01;01/04/2023;Utility Statement;Monthly
RAM1;01/04/2023;1355619.25;RAM1-SS01-P;2023-04-01;01/04/2023;Utility Statement;Monthly
RAM2;01/04/2023;675670.5;RAM2-SS01-P;2023-04-01;01/04/2023;Utility Statement;Monthly
RAM2;01/04/2023;735660.5833333334;RAM2-SS02-P;2023-04-01;01/04/2023;Utility Statement;Monthly
RAM2;01/04/2023;2121913.6666666665;RAM2-SS03-P;2023-04-01;01/04/2023;Utility Statement;Monthly
RIBE;01/04/2023;1725158.3333333333;RIBE-SS01-P;2023-04-01;01/04/2023;Utility Statement;Monthly
RIOL;01/04/2023;516271.75;RIOL-SS01-P;2023-04-01;01/04/2023;Utility Statement;Monthly
FRA1;01/04/2023;1113062.0;FRA1-SS01-P;2023-04-01;01/04/2023;Utility Statement;Monthly
FRA2;01/04/2023;1888416.8333333333;FRA2-SS01-P;2023-04-01;01/04/2023;Utility Statement;Monthly
ROUS;01/04/2023;1645067.75;ROUS-SS01-P;2023-04-01;01/04/2023;Utility Statement;Monthly
ROUS;01/04/2023;1384379.75;ROUS-SS02-P;2023-04-01;01/04/2023;Utility Statement;Monthly
STAU;01/04/2023;1824298.5833333333;STAU-SS01-P;2023-04-01;01/04/2023;Utility Statement;Monthly
STPA;01/04/2023;692629.0;STPA-SS01-P;2023-04-01;01/04/2023;Utility Statement;Monthly
SALL;01/04/2023;1241114.0;SALL-SS01-P;2023-04-01;01/04/2023;Utility Statement;Monthly
SALZ;01/04/2023;555617.25;SALZ-SS01-P;2023-04-01;01/04/2023;Utility Statement;Monthly
SAMO;01/04/2023;399331.1666666667;SAMO-SS01-P;2023-04-01;01/04/2023;Utility Statement;Monthly
SAUM;01/04/2023;1417123.9166666667;SAUM-SS01-P;2023-04-01;01/04/2023;Utility Statement;Monthly
SAUV;01/04/2023;3117620.0;SAUV-SS01-P;2023-04-01;01/04/2023;Utility Statement;Monthly
SERY;01/04/2023;1327880.0;SERY-SS01-P;2023-04-01;01/04/2023;Utility Statement;Monthly
SBAP;01/04/2023;2958688.0;SBAP-SS01-P;2023-04-01;01/04/2023;Utility Statement;Monthly
SAMM;01/04/2023;649433.5;SAMM-SS01-P;2023-04-01;01/04/2023;Utility Statement;Monthly
SJVX;01/04/2023;305493.25;SJVX-SS01-P;2023-04-01;01/04/2023;Utility Statement;Monthly
STMB;01/04/2023;881555.4166666666;STMB-SS01-P;2023-04-01;01/04/2023;Utility Statement;Monthly
STME;01/04/2023;911164.25;STME-SS01-P;2023-04-01;01/04/2023;Utility Statement;Monthly
SREG;01/04/2023;632469.3333333334;SREG-SS01-P;2023-04-01;01/04/2023;Utility Statement;Monthly
STSI;01/04/2023;906824.5;STSI-SS01-P;2023-04-01;01/04/2023;Utility Statement;Monthly
STUL;01/04/2023;717040.8333333334;STUL-SS01-P;2023-04-01;01/04/2023;Utility Statement;Monthly
STJU;01/04/2023;329767.6666666667;STJU-SS01-P;2023-04-01;01/04/2023;Utility Statement;Monthly
STEN;01/04/2023;1379663.9166666667;STEN-SS01-P;2023-04-01;01/04/2023;Utility Statement;Monthly
SUBY;01/04/2023;1022101.25;SUBY-SS01-P;2023-04-01;01/04/2023;Utility Statement;Monthly
SUBY;01/04/2023;156110.41666666666;SUBY-SS02-P;2023-04-01;01/04/2023;Utility Statement;Monthly
SARA;01/04/2023;1302650.1666666667;SARA-SS01-P;2023-04-01;01/04/2023;Utility Statement;Monthly
SARA;01/04/2023;1805446.25;SARA-SS02-P;2023-04-01;01/04/2023;Utility Statement;Monthly
SARA;01/04/2023;1857153.1666666667;SARA-SS03-P;2023-04-01;01/04/2023;Utility Statement;Monthly
TLGR;01/04/2023;3078476.8333333335;TLGR-SS01-P;2023-04-01;01/04/2023;Utility Statement;Monthly
VANA;01/04/2023;1097084.25;VANA-SS01-P;2023-04-01;01/04/2023;Utility Statement;Monthly
VARA;01/04/2023;2212328.5833333335;VARA-SS01-P;2023-04-01;01/04/2023;Utility Statement;Monthly
VEUL;01/04/2023;1913874.8333333333;VEUL-SS01-P;2023-04-01;01/04/2023;Utility Statement;Monthly
CDBO;01/04/2023;1903503.0;CDBO-SS02-P;2023-04-01;01/04/2023;Utility Statement;Monthly
VISE;01/04/2023;890807.8333333334;VISE-SS01-P;2023-04-01;01/04/2023;Utility Statement;Monthly
TRFR;01/05/2023;937692.4166666666;TRFR-SS01-P;2023-05-01;01/05/2023;Utility Statement;Monthly
SOUR;01/05/2023;1704272.5;SOUR-SS01-P;2023-05-01;01/05/2023;Utility Statement;Monthly
SOUR;01/05/2023;1282618.25;SOUR-SS02-P;2023-05-01;01/05/2023;Utility Statement;Monthly
AUQB;01/05/2023;1362920.6666666667;AUQB-SS01-P;2023-05-01;01/05/2023;Utility Statement;Monthly
QVA3;01/05/2023;1358524.0;QVA3-SS01-P;2023-05-01;01/05/2023;Utility Statement;Monthly
QVA3;01/05/2023;799098.1666666666;QVA3-SS02-P;2023-05-01;01/05/2023;Utility Statement;Monthly
ALVI;01/05/2023;3469402.1666666665;ALVI-SS01-P;2023-05-01;01/05/2023;Utility Statement;Monthly
AMBE;01/05/2023;1454650.0833333333;AMBE-SS01-P;2023-05-01;01/05/2023;Utility Statement;Monthly
AMEL;01/05/2023;1295802.5833333333;AMEL-SS01-P;2023-05-01;01/05/2023;Utility Statement;Monthly
ANPA;01/05/2023;2967714.6666666665;ANPA-SS01-P;2023-05-01;01/05/2023;Utility Statement;Monthly
SAMI;01/05/2023;1469172.25;SAMI-SS01-P;2023-05-01;01/05/2023;Utility Statement;Monthly
ARAM;01/05/2023;743958.0;ARAM-SS01-P;2023-05-01;01/05/2023;Utility Statement;Monthly
ARTI;01/05/2023;548401.0;ARTI-SS01-P;2023-05-01;01/05/2023;Utility Statement;Monthly
AUM3;01/05/2023;1672777.5;AUM3-SS01-P;2023-05-01;01/05/2023;Utility Statement;Monthly
BAMB;01/05/2023;865723.4166666666;BAMB-SS01-P;2023-05-01;01/05/2023;Utility Statement;Monthly
BTS1;01/05/2023;2206216.8333333335;BTS1-SS01-P;2023-05-01;01/05/2023;Utility Statement;Monthly
BTS2;01/05/2023;1987324.0;BTS2-SS01-P;2023-05-01;01/05/2023;Utility Statement;Monthly
BVER;01/05/2023;1589164.9166666667;BVER-SS01-P;2023-05-01;01/05/2023;Utility Statement;Monthly
BEAU;01/05/2023;2162209.9166666665;BEAU-SS01-P;2023-05-01;01/05/2023;Utility Statement;Monthly
BDBS;01/05/2023;2436985.0833333335;BDBS-SS01-P;2023-05-01;01/05/2023;Utility Statement;Monthly
BDBS;01/05/2023;545935.5833333334;BDBS-SS02-P;2023-05-01;01/05/2023;Utility Statement;Monthly
BLAU;01/05/2023;1395.0833333333333;BLAU-SS01-P;2023-05-01;01/05/2023;Utility Statement;Monthly
BARB;01/05/2023;1098527.6666666667;BARB-SS01-P;2023-05-01;01/05/2023;Utility Statement;Monthly
BOUS;01/05/2023;863226.8333333334;BOUS-SS01-P;2023-05-01;01/05/2023;Utility Statement;Monthly
BRIA;01/05/2023;2231623.25;BRIA-SS01-P;2023-05-01;01/05/2023;Utility Statement;Monthly
BRIY;01/05/2023;915149.8333333334;BRIY-SS01-P;2023-05-01;01/05/2023;Utility Statement;Monthly
CAMB;01/05/2023;3533665.6666666665;CAMB-SS01-P;2023-05-01;01/05/2023;Utility Statement;Monthly
CASH;01/05/2023;1978406.8333333333;CASH-SS01-P;2023-05-01;01/05/2023;Utility Statement;Monthly
DIJO;01/05/2023;2202547.0;DIJO-SS01-P;2023-05-01;01/05/2023;Utility Statement;Monthly
CHAG;01/05/2023;625982.75;CHAG-SS01-P;2023-05-01;01/05/2023;Utility Statement;Monthly
CHGO;01/05/2023;1464103.1666666667;CHGO-SS01-P;2023-05-01;01/05/2023;Utility Statement;Monthly
CHGO;01/05/2023;1195737.9166666667;CHGO-SS02-P;2023-05-01;01/05/2023;Utility Statement;Monthly
CEP1;01/05/2023;2462607.1666666665;CEP1-SS01-P;2023-05-01;01/05/2023;Utility Statement;Monthly
CEP2;01/05/2023;1955777.6666666667;CEP2-SS01-P;2023-05-01;01/05/2023;Utility Statement;Monthly
CLA2;01/05/2023;322758.5;CLA2-SS01-P;2023-05-01;01/05/2023;Utility Statement;Monthly
CLA2;01/05/2023;312108.9166666667;CLA2-SS02-P;2023-05-01;01/05/2023;Utility Statement;Monthly
CLAM;01/05/2023;1188329.75;CLAM-SS01-P;2023-05-01;01/05/2023;Utility Statement;Monthly
CLAN;01/05/2023;1435569.5;CLAN-SS01-P;2023-05-01;01/05/2023;Utility Statement;Monthly
CLAN;01/05/2023;1501825.0833333333;CLAN-SS02-P;2023-05-01;01/05/2023;Utility Statement;Monthly
CLIT;01/05/2023;327614.3333333333;CLIT-SS01-P;2023-05-01;01/05/2023;Utility Statement;Monthly
COLB;01/05/2023;718301.3333333334;COLB-SS01-P;2023-05-01;01/05/2023;Utility Statement;Monthly
CONI;01/05/2023;3324698.8333333335;CONI-SS01-P;2023-05-01;01/05/2023;Utility Statement;Monthly
AUCO;01/05/2023;1371445.5;AUCO-SS01-P;2023-05-01;01/05/2023;Utility Statement;Monthly
COUR;01/05/2023;1605007.5833333333;COUR-SS01-P;2023-05-01;01/05/2023;Utility Statement;Monthly
DEM1;01/05/2023;2048264.4166666667;DEM1-SS01-P;2023-05-01;01/05/2023;Utility Statement;Monthly
DEM2;01/05/2023;2546354.0833333335;DEM2-SS01-P;2023-05-01;01/05/2023;Utility Statement;Monthly
ERIZ;01/05/2023;1248621.5833333333;ERIZ-SS01-P;2023-05-01;01/05/2023;Utility Statement;Monthly
ESPS;01/05/2023;1390779.5833333333;ESPS-SS01-P;2023-05-01;01/05/2023;Utility Statement;Monthly
ESPS;01/05/2023;2127723.4166666665;ESPS-SS02-P;2023-05-01;01/05/2023;Utility Statement;Monthly
EYGU;01/05/2023;1822677.0;EYGU-SS01-P;2023-05-01;01/05/2023;Utility Statement;Monthly
FECA;01/05/2023;916958.0;FECA-SS01-P;2023-05-01;01/05/2023;Utility Statement;Monthly
FEND;01/05/2023;624903.1666666666;FEND-SS01-P;2023-05-01;01/05/2023;Utility Statement;Monthly
FIEN;01/05/2023;1629753.0833333333;FIEN-SS01-P;2023-05-01;01/05/2023;Utility Statement;Monthly
FITO;01/05/2023;2454254.3333333335;FITO-SS01-P;2023-05-01;01/05/2023;Utility Statement;Monthly
CEFF;01/05/2023;1004024.3333333334;CEFF-SS01-P;2023-05-01;01/05/2023;Utility Statement;Monthly
FOSS;01/05/2023;1474121.9166666667;FOSS-SS01-P;2023-05-01;01/05/2023;Utility Statement;Monthly
FREY;01/05/2023;2419231.1666666665;FREY-SS01-P;2023-05-01;01/05/2023;Utility Statement;Monthly
GAB1;01/05/2023;1254000.8333333333;GAB1-SS01-P;2023-05-01;01/05/2023;Utility Statement;Monthly
GAB4;01/05/2023;1016312.0;GAB4-SS01-P;2023-05-01;01/05/2023;Utility Statement;Monthly
GAB7;01/05/2023;263862.0;GAB7-SS01-P;2023-05-01;01/05/2023;Utility Statement;Monthly
GABT;01/05/2023;327885.75;GABT-SS01-P;2023-05-01;01/05/2023;Utility Statement;Monthly
GAR1;01/05/2023;1635523.5833333333;GAR1-SS01-P;2023-05-01;01/05/2023;Utility Statement;Monthly
GAR2;01/05/2023;1496078.75;GAR2-SS01-P;2023-05-01;01/05/2023;Utility Statement;Monthly
GRGT;01/05/2023;1876929.8333333333;GRGT-SS01-P;2023-05-01;01/05/2023;Utility Statement;Monthly
GRPL;01/05/2023;2261282.4166666665;GRPL-SS01-P;2023-05-01;01/05/2023;Utility Statement;Monthly
GUIL;01/05/2023;1403523.25;GUIL-SS01-P;2023-05-01;01/05/2023;Utility Statement;Monthly
GUIL;01/05/2023;2365549.9166666665;GUIL-SS02-P;2023-05-01;01/05/2023;Utility Statement;Monthly
HENI;01/05/2023;703278.1666666666;HENI-SS01-P;2023-05-01;01/05/2023;Utility Statement;Monthly
HERO;01/05/2023;1233909.1666666667;HERO-SS01-P;2023-05-01;01/05/2023;Utility Statement;Monthly
JADE;01/05/2023;1438206.4166666667;JADE-SS01-P;2023-05-01;01/05/2023;Utility Statement;Monthly
JON2;01/05/2023;873046.0833333334;JON2-SS01-P;2023-05-01;01/05/2023;Utility Statement;Monthly
JONC;01/05/2023;1592121.1666666667;JONC-SS01-P;2023-05-01;01/05/2023;Utility Statement;Monthly
LBDF;01/05/2023;1926629.9166666667;LBDF-SS01-P;2023-05-01;01/05/2023;Utility Statement;Monthly
CARN;01/05/2023;1594551.9166666667;CARN-SS01-P;2023-05-01;01/05/2023;Utility Statement;Monthly
CARN;01/05/2023;1765180.8333333333;CARN-SS02-P;2023-05-01;01/05/2023;Utility Statement;Monthly
HAB1;01/05/2023;1812848.0;HAB1-SS01-P;2023-05-01;01/05/2023;Utility Statement;Monthly
HAB2;01/05/2023;1391458.75;HAB2-SS01-P;2023-05-01;01/05/2023;Utility Statement;Monthly
NOUR;01/05/2023;1453874.4166666667;NOUR-SS01-P;2023-05-01;01/05/2023;Utility Statement;Monthly
LAPI;01/05/2023;1046367.5833333334;LAPI-SS01-P;2023-05-01;01/05/2023;Utility Statement;Monthly
LAGN;01/05/2023;358476.8333333333;LAGN-SS01-P;2023-05-01;01/05/2023;Utility Statement;Monthly
LDTE;01/05/2023;2378263.8333333335;LDTE-SS01-P;2023-05-01;01/05/2023;Utility Statement;Monthly
LANE;01/05/2023;969199.5;LANE-SS01-P;2023-05-01;01/05/2023;Utility Statement;Monthly
RODU;01/05/2023;938115.5833333334;RODU-SS01-P;2023-05-01;01/05/2023;Utility Statement;Monthly
LERO;01/05/2023;761557.75;LERO-SS01-P;2023-05-01;01/05/2023;Utility Statement;Monthly
COT1;01/05/2023;2301495.5;COT1-SS01-P;2023-05-01;01/05/2023;Utility Statement;Monthly
COT2;01/05/2023;1059307.0;COT2-SS01-P;2023-05-01;01/05/2023;Utility Statement;Monthly
COT3;01/05/2023;1505526.6666666667;COT3-SS01-P;2023-05-01;01/05/2023;Utility Statement;Monthly
COT4;01/05/2023;1390396.1666666667;COT4-SS01-P;2023-05-01;01/05/2023;Utility Statement;Monthly
LEMO;01/05/2023;2724538.4166666665;LEMO-SS01-P;2023-05-01;01/05/2023;Utility Statement;Monthly
PLOS;01/05/2023;1869511.1666666667;PLOS-SS01-P;2023-05-01;01/05/2023;Utility Statement;Monthly
SABL;01/05/2023;1076570.4166666667;SABL-SS01-P;2023-05-01;01/05/2023;Utility Statement;Monthly
FAYD;01/05/2023;1640972.0;FAYD-SS01-P;2023-05-01;01/05/2023;Utility Statement;Monthly
LOMO;01/05/2023;1513030.4166666667;LOMO-SS02-P;2023-05-01;01/05/2023;Utility Statement;Monthly
LOMO;01/05/2023;1584652.9166666667;LOMO-SS01-P;2023-05-01;01/05/2023;Utility Statement;Monthly
LEPI;01/05/2023;1003972.8333333334;LEPI-SS01-P;2023-05-01;01/05/2023;Utility Statement;Monthly
LORO;01/05/2023;994283.5;LORO-SS01-P;2023-05-01;01/05/2023;Utility Statement;Monthly
LORO;01/05/2023;1459429.9166666667;LORO-SS02-P;2023-05-01;01/05/2023;Utility Statement;Monthly
LORO;01/05/2023;733592.6666666666;LORO-SS03-P;2023-05-01;01/05/2023;Utility Statement;Monthly
LORO;01/05/2023;1092830.25;LORO-SS04-P;2023-05-01;01/05/2023;Utility Statement;Monthly
LORO;01/05/2023;1331097.1666666667;LORO-SS05-P;2023-05-01;01/05/2023;Utility Statement;Monthly
LOPV;01/05/2023;2101536.0;LOPV-SS01-P;2023-05-01;01/05/2023;Utility Statement;Monthly
LOU2;01/05/2023;324619.5833333333;LOU2-SS01-P;2023-05-01;01/05/2023;Utility Statement;Monthly
LOYE;01/05/2023;642271.4166666666;LOYE-SS01-P;2023-05-01;01/05/2023;Utility Statement;Monthly
LUC2;01/05/2023;3094638.4166666665;LUC2-SS01-P;2023-05-01;01/05/2023;Utility Statement;Monthly
LUCO;01/05/2023;2609464.8333333335;LUCO-SS01-P;2023-05-01;01/05/2023;Utility Statement;Monthly
LUX1;01/05/2023;1221017.8333333333;LUX1-SS01-P;2023-05-01;01/05/2023;Utility Statement;Monthly
MACH;01/05/2023;1205692.3333333333;MACH-SS01-P;2023-05-01;01/05/2023;Utility Statement;Monthly
MAG1;01/05/2023;1667844.5833333333;MAG1-SS01-P;2023-05-01;01/05/2023;Utility Statement;Monthly
MAG3;01/05/2023;853250.5833333334;MAG3-SS01-P;2023-05-01;01/05/2023;Utility Statement;Monthly
MANO;01/05/2023;541263.25;MANO-SS01-P;2023-05-01;01/05/2023;Utility Statement;Monthly
MAZE;01/05/2023;323380.0;MAZE-SS01-P;2023-05-01;01/05/2023;Utility Statement;Monthly
MAZU;01/05/2023;2566699.0;MAZU-SS01-P;2023-05-01;01/05/2023;Utility Statement;Monthly
MDR1;01/05/2023;853288.75;MDR1-SS01-P;2023-05-01;01/05/2023;Utility Statement;Monthly
MTL1;01/05/2023;1764984.4166666667;MTL1-SS01-P;2023-05-01;01/05/2023;Utility Statement;Monthly
MOTG;01/05/2023;2077862.0833333333;MOTG-SS01-P;2023-05-01;01/05/2023;Utility Statement;Monthly
MOTG;01/05/2023;368251.5833333333;MOTG-SS02-P;2023-05-01;01/05/2023;Utility Statement;Monthly
MODF;01/05/2023;1307803.1666666667;MODF-SS01-P;2023-05-01;01/05/2023;Utility Statement;Monthly
NAC1;01/05/2023;2955092.9166666665;NAC1-SS01-P;2023-05-01;01/05/2023;Utility Statement;Monthly
NAC2;01/05/2023;2300620.1666666665;NAC2-SS01-P;2023-05-01;01/05/2023;Utility Statement;Monthly
NARB;01/05/2023;449416.5833333333;NARB-SS01-P;2023-05-01;01/05/2023;Utility Statement;Monthly
NARB;01/05/2023;521482.0;NARB-SS02-P;2023-05-01;01/05/2023;Utility Statement;Monthly
CDBO;01/05/2023;1956035.0833333333;CDBO-SS01-P;2023-05-01;01/05/2023;Utility Statement;Monthly
NIED;01/05/2023;1092737.25;NIED-SS01-P;2023-05-01;01/05/2023;Utility Statement;Monthly
NIEV;01/05/2023;1829737.6666666667;NIEV-SS01-P;2023-05-01;01/05/2023;Utility Statement;Monthly
NIPL;01/05/2023;649564.0;NIPL-SS01-P;2023-05-01;01/05/2023;Utility Statement;Monthly
NITR;01/05/2023;468337.4166666667;NITR-SS01-P;2023-05-01;01/05/2023;Utility Statement;Monthly
OUPI;01/05/2023;0.0;OUPI-SS01-P;2023-05-01;01/05/2023;Utility Statement;Monthly
PAAN;01/05/2023;2294615.0833333335;PAAN-SS01-P;2023-05-01;01/05/2023;Utility Statement;Monthly
PAAN;01/05/2023;2565119.8333333335;PAAN-SS02-P;2023-05-01;01/05/2023;Utility Statement;Monthly
PEMO;01/05/2023;660793.0;PEMO-SS01-P;2023-05-01;01/05/2023;Utility Statement;Monthly
PLES;01/05/2023;1681528.4166666667;PLES-SS01-P;2023-05-01;01/05/2023;Utility Statement;Monthly
PLGR;01/05/2023;1900.3333333333333;PLGR-SS01-P;2023-05-01;01/05/2023;Utility Statement;Monthly
PLAN;01/05/2023;2274304.75;PLAN-SS01-P;2023-05-01;01/05/2023;Utility Statement;Monthly
PLAN;01/05/2023;1661508.8333333333;PLAN-SS02-P;2023-05-01;01/05/2023;Utility Statement;Monthly
PLAT;01/05/2023;669915.75;PLAT-SS01-P;2023-05-01;01/05/2023;Utility Statement;Monthly
PLEU;01/05/2023;1647757.75;PLEU-SS01-P;2023-05-01;01/05/2023;Utility Statement;Monthly
PDCE;01/05/2023;1505191.6666666667;PDCE-SS01-P;2023-05-01;01/05/2023;Utility Statement;Monthly
PDCE;01/05/2023;299771.5;PDCE-SS02-P;2023-05-01;01/05/2023;Utility Statement;Monthly
PDFE;01/05/2023;1079563.1666666667;PDFE-SS01-P;2023-05-01;01/05/2023;Utility Statement;Monthly
PZIN;01/05/2023;591177.6666666666;PZIN-SS02-P;2023-05-01;01/05/2023;Utility Statement;Monthly
PZIN;01/05/2023;521366.0;PZIN-SS01-P;2023-05-01;01/05/2023;Utility Statement;Monthly
POUZ;01/05/2023;952778.1666666666;POUZ-SS01-P;2023-05-01;01/05/2023;Utility Statement;Monthly
PUYL;01/05/2023;913979.8333333334;PUYL-SS01-P;2023-05-01;01/05/2023;Utility Statement;Monthly
RAM1;01/05/2023;970362.0;RAM1-SS01-P;2023-05-01;01/05/2023;Utility Statement;Monthly
RAM2;01/05/2023;342251.6666666667;RAM2-SS01-P;2023-05-01;01/05/2023;Utility Statement;Monthly
RAM2;01/05/2023;660490.25;RAM2-SS02-P;2023-05-01;01/05/2023;Utility Statement;Monthly
RAM2;01/05/2023;1494169.5833333333;RAM2-SS03-P;2023-05-01;01/05/2023;Utility Statement;Monthly
RIBE;01/05/2023;1641529.9166666667;RIBE-SS01-P;2023-05-01;01/05/2023;Utility Statement;Monthly
RIOL;01/05/2023;426968.75;RIOL-SS01-P;2023-05-01;01/05/2023;Utility Statement;Monthly
FRA1;01/05/2023;1335209.25;FRA1-SS01-P;2023-05-01;01/05/2023;Utility Statement;Monthly
FRA2;01/05/2023;1897104.8333333333;FRA2-SS01-P;2023-05-01;01/05/2023;Utility Statement;Monthly
ROUS;01/05/2023;1525218.0;ROUS-SS01-P;2023-05-01;01/05/2023;Utility Statement;Monthly
ROUS;01/05/2023;1203030.4166666667;ROUS-SS02-P;2023-05-01;01/05/2023;Utility Statement;Monthly
STAU;01/05/2023;1311224.5;STAU-SS01-P;2023-05-01;01/05/2023;Utility Statement;Monthly
STPA;01/05/2023;644907.9166666666;STPA-SS01-P;2023-05-01;01/05/2023;Utility Statement;Monthly
SALL;01/05/2023;1165914.75;SALL-SS01-P;2023-05-01;01/05/2023;Utility Statement;Monthly
SALZ;01/05/2023;534482.0;SALZ-SS01-P;2023-05-01;01/05/2023;Utility Statement;Monthly
SAMO;01/05/2023;435124.5;SAMO-SS01-P;2023-05-01;01/05/2023;Utility Statement;Monthly
SAUM;01/05/2023;1613658.4166666667;SAUM-SS01-P;2023-05-01;01/05/2023;Utility Statement;Monthly
SAUV;01/05/2023;3558838.0;SAUV-SS01-P;2023-05-01;01/05/2023;Utility Statement;Monthly
SERY;01/05/2023;1027017.4166666666;SERY-SS01-P;2023-05-01;01/05/2023;Utility Statement;Monthly
SBAP;01/05/2023;2913041.0;SBAP-SS01-P;2023-05-01;01/05/2023;Utility Statement;Monthly
SAMM;01/05/2023;710397.25;SAMM-SS01-P;2023-05-01;01/05/2023;Utility Statement;Monthly
SJVX;01/05/2023;351348.0;SJVX-SS01-P;2023-05-01;01/05/2023;Utility Statement;Monthly
STMB;01/05/2023;808754.9166666666;STMB-SS01-P;2023-05-01;01/05/2023;Utility Statement;Monthly
STME;01/05/2023;1203901.75;STME-SS01-P;2023-05-01;01/05/2023;Utility Statement;Monthly
SREG;01/05/2023;639631.8333333334;SREG-SS01-P;2023-05-01;01/05/2023;Utility Statement;Monthly
STSI;01/05/2023;780661.5833333334;STSI-SS01-P;2023-05-01;01/05/2023;Utility Statement;Monthly
STUL;01/05/2023;659439.5833333334;STUL-SS01-P;2023-05-01;01/05/2023;Utility Statement;Monthly
STJU;01/05/2023;370646.5833333333;STJU-SS01-P;2023-05-01;01/05/2023;Utility Statement;Monthly
STEN;01/05/2023;965042.0;STEN-SS01-P;2023-05-01;01/05/2023;Utility Statement;Monthly
SUBY;01/05/2023;1246061.5833333333;SUBY-SS01-P;2023-05-01;01/05/2023;Utility Statement;Monthly
SUBY;01/05/2023;196581.75;SUBY-SS02-P;2023-05-01;01/05/2023;Utility Statement;Monthly
SARA;01/05/2023;1762420.5;SARA-SS01-P;2023-05-01;01/05/2023;Utility Statement;Monthly
SARA;01/05/2023;1664557.5833333333;SARA-SS03-P;2023-05-01;01/05/2023;Utility Statement;Monthly
SARA;01/05/2023;1530319.75;SARA-SS04-P;2023-05-01;01/05/2023;Utility Statement;Monthly
TLGR;01/05/2023;3043979.3333333335;TLGR-SS01-P;2023-05-01;01/05/2023;Utility Statement;Monthly
VANA;01/05/2023;1099617.9166666667;VANA-SS01-P;2023-05-01;01/05/2023;Utility Statement;Monthly
VARA;01/05/2023;2415001.4166666665;VARA-SS01-P;2023-05-01;01/05/2023;Utility Statement;Monthly
VEUL;01/05/2023;1686613.1666666667;VEUL-SS01-P;2023-05-01;01/05/2023;Utility Statement;Monthly
CDBO;01/05/2023;1888213.3333333333;CDBO-SS02-P;2023-05-01;01/05/2023;Utility Statement;Monthly
VISE;01/05/2023;920174.3333333334;VISE-SS01-P;2023-05-01;01/05/2023;Utility Statement;Monthly
TRFR;01/06/2023;815314.0;TRFR-SS01-P;2023-06-01;01/06/2023;Utility Statement;Monthly
SOUR;01/06/2023;1048251.9166666666;SOUR-SS01-P;2023-06-01;01/06/2023;Utility Statement;Monthly
SOUR;01/06/2023;686041.9166666666;SOUR-SS02-P;2023-06-01;01/06/2023;Utility Statement;Monthly
AUQB;01/06/2023;696041.8333333334;AUQB-SS01-P;2023-06-01;01/06/2023;Utility Statement;Monthly
QVA3;01/06/2023;609463.5833333334;QVA3-SS01-P;2023-06-01;01/06/2023;Utility Statement;Monthly
QVA3;01/06/2023;326963.25;QVA3-SS02-P;2023-06-01;01/06/2023;Utility Statement;Monthly
ALVI;01/06/2023;1948639.8333333333;ALVI-SS01-P;2023-06-01;01/06/2023;Utility Statement;Monthly
AMBE;01/06/2023;1478233.0;AMBE-SS01-P;2023-06-01;01/06/2023;Utility Statement;Monthly
AMEL;01/06/2023;1268219.1666666667;AMEL-SS01-P;2023-06-01;01/06/2023;Utility Statement;Monthly
ANPA;01/06/2023;1155368.5833333333;ANPA-SS01-P;2023-06-01;01/06/2023;Utility Statement;Monthly
SAMI;01/06/2023;669828.25;SAMI-SS01-P;2023-06-01;01/06/2023;Utility Statement;Monthly
ARAM;01/06/2023;754993.9166666666;ARAM-SS01-P;2023-06-01;01/06/2023;Utility Statement;Monthly
ARTI;01/06/2023;491697.9166666667;ARTI-SS01-P;2023-06-01;01/06/2023;Utility Statement;Monthly
AUM3;01/06/2023;895245.0;AUM3-SS01-P;2023-06-01;01/06/2023;Utility Statement;Monthly
BAMB;01/06/2023;620682.4166666666;BAMB-SS01-P;2023-06-01;01/06/2023;Utility Statement;Monthly
BTS1;01/06/2023;1324932.4166666667;BTS1-SS01-P;2023-06-01;01/06/2023;Utility Statement;Monthly
BTS2;01/06/2023;1160603.1666666667;BTS2-SS01-P;2023-06-01;01/06/2023;Utility Statement;Monthly
BVER;01/06/2023;1165588.6666666667;BVER-SS01-P;2023-06-01;01/06/2023;Utility Statement;Monthly
BEAU;01/06/2023;2314545.5833333335;BEAU-SS01-P;2023-06-01;01/06/2023;Utility Statement;Monthly
BDBS;01/06/2023;1754516.1666666667;BDBS-SS01-P;2023-06-01;01/06/2023;Utility Statement;Monthly
BDBS;01/06/2023;416146.75;BDBS-SS02-P;2023-06-01;01/06/2023;Utility Statement;Monthly
BLAU;01/06/2023;359053.8333333333;BLAU-SS01-P;2023-06-01;01/06/2023;Utility Statement;Monthly
BARB;01/06/2023;999270.4166666666;BARB-SS01-P;2023-06-01;01/06/2023;Utility Statement;Monthly
BOUS;01/06/2023;810529.5833333334;BOUS-SS01-P;2023-06-01;01/06/2023;Utility Statement;Monthly
BRIA;01/06/2023;2602381.75;BRIA-SS01-P;2023-06-01;01/06/2023;Utility Statement;Monthly
BRIY;01/06/2023;585947.3333333334;BRIY-SS01-P;2023-06-01;01/06/2023;Utility Statement;Monthly
CAMB;01/06/2023;2135494.3333333335;CAMB-SS01-P;2023-06-01;01/06/2023;Utility Statement;Monthly
CASH;01/06/2023;1212784.75;CASH-SS01-P;2023-06-01;01/06/2023;Utility Statement;Monthly
DIJO;01/06/2023;2572942.25;DIJO-SS01-P;2023-06-01;01/06/2023;Utility Statement;Monthly
CHAG;01/06/2023;733961.25;CHAG-SS01-P;2023-06-01;01/06/2023;Utility Statement;Monthly
CHGO;01/06/2023;608437.0;CHGO-SS01-P;2023-06-01;01/06/2023;Utility Statement;Monthly
CHGO;01/06/2023;460878.9166666667;CHGO-SS02-P;2023-06-01;01/06/2023;Utility Statement;Monthly
CEP1;01/06/2023;1237108.4166666667;CEP1-SS01-P;2023-06-01;01/06/2023;Utility Statement;Monthly
CEP2;01/06/2023;986099.1666666666;CEP2-SS01-P;2023-06-01;01/06/2023;Utility Statement;Monthly
CLA2;01/06/2023;137833.41666666666;CLA2-SS01-P;2023-06-01;01/06/2023;Utility Statement;Monthly
CLA2;01/06/2023;142314.41666666666;CLA2-SS02-P;2023-06-01;01/06/2023;Utility Statement;Monthly
CLAM;01/06/2023;518974.1666666667;CLAM-SS01-P;2023-06-01;01/06/2023;Utility Statement;Monthly
CLAN;01/06/2023;1119354.0;CLAN-SS01-P;2023-06-01;01/06/2023;Utility Statement;Monthly
CLAN;01/06/2023;1105292.4166666667;CLAN-SS02-P;2023-06-01;01/06/2023;Utility Statement;Monthly
CLIT;01/06/2023;312015.5833333333;CLIT-SS01-P;2023-06-01;01/06/2023;Utility Statement;Monthly
COLB;01/06/2023;840488.4166666666;COLB-SS01-P;2023-06-01;01/06/2023;Utility Statement;Monthly
CONI;01/06/2023;2203667.1666666665;CONI-SS01-P;2023-06-01;01/06/2023;Utility Statement;Monthly
AUCO;01/06/2023;1058729.0;AUCO-SS01-P;2023-06-01;01/06/2023;Utility Statement;Monthly
COUR;01/06/2023;975825.5833333334;COUR-SS01-P;2023-06-01;01/06/2023;Utility Statement;Monthly
DEM1;01/06/2023;1221749.8333333333;DEM1-SS01-P;2023-06-01;01/06/2023;Utility Statement;Monthly
DEM2;01/06/2023;1491965.4166666667;DEM2-SS01-P;2023-06-01;01/06/2023;Utility Statement;Monthly
DIE2;01/06/2023;1748550.8333333333;DIE2-SS01-P;2023-06-01;01/06/2023;Utility Statement;Monthly
ERIZ;01/06/2023;588119.75;ERIZ-SS01-P;2023-06-01;01/06/2023;Utility Statement;Monthly
ESPS;01/06/2023;829008.8333333334;ESPS-SS01-P;2023-06-01;01/06/2023;Utility Statement;Monthly
ESPS;01/06/2023;1220433.5833333333;ESPS-SS02-P;2023-06-01;01/06/2023;Utility Statement;Monthly
EYGU;01/06/2023;1875232.1666666667;EYGU-SS01-P;2023-06-01;01/06/2023;Utility Statement;Monthly
FECA;01/06/2023;770328.0;FECA-SS01-P;2023-06-01;01/06/2023;Utility Statement;Monthly
FEND;01/06/2023;689810.5833333334;FEND-SS01-P;2023-06-01;01/06/2023;Utility Statement;Monthly
FIEN;01/06/2023;1672118.0;FIEN-SS01-P;2023-06-01;01/06/2023;Utility Statement;Monthly
FITO;01/06/2023;1835502.4166666667;FITO-SS01-P;2023-06-01;01/06/2023;Utility Statement;Monthly
CEFF;01/06/2023;688804.75;CEFF-SS01-P;2023-06-01;01/06/2023;Utility Statement;Monthly
FOSS;01/06/2023;1764852.25;FOSS-SS01-P;2023-06-01;01/06/2023;Utility Statement;Monthly
FREY;01/06/2023;1500103.25;FREY-SS01-P;2023-06-01;01/06/2023;Utility Statement;Monthly
GAB1;01/06/2023;1121072.0;GAB1-SS01-P;2023-06-01;01/06/2023;Utility Statement;Monthly
GAB4;01/06/2023;1070843.0;GAB4-SS01-P;2023-06-01;01/06/2023;Utility Statement;Monthly
GAB7;01/06/2023;235753.66666666666;GAB7-SS01-P;2023-06-01;01/06/2023;Utility Statement;Monthly
GABT;01/06/2023;295957.4166666667;GABT-SS01-P;2023-06-01;01/06/2023;Utility Statement;Monthly
GAR1;01/06/2023;926668.8333333334;GAR1-SS01-P;2023-06-01;01/06/2023;Utility Statement;Monthly
GAR2;01/06/2023;826274.4166666666;GAR2-SS01-P;2023-06-01;01/06/2023;Utility Statement;Monthly
GRGT;01/06/2023;2128291.3333333335;GRGT-SS01-P;2023-06-01;01/06/2023;Utility Statement;Monthly
GRPL;01/06/2023;959219.5833333334;GRPL-SS01-P;2023-06-01;01/06/2023;Utility Statement;Monthly
GUIL;01/06/2023;755646.9166666666;GUIL-SS01-P;2023-06-01;01/06/2023;Utility Statement;Monthly
GUIL;01/06/2023;1315412.8333333333;GUIL-SS02-P;2023-06-01;01/06/2023;Utility Statement;Monthly
HENI;01/06/2023;310544.0;HENI-SS01-P;2023-06-01;01/06/2023;Utility Statement;Monthly
HERO;01/06/2023;729761.1666666666;HERO-SS01-P;2023-06-01;01/06/2023;Utility Statement;Monthly
JADE;01/06/2023;806262.75;JADE-SS01-P;2023-06-01;01/06/2023;Utility Statement;Monthly
JON2;01/06/2023;321817.9166666667;JON2-SS01-P;2023-06-01;01/06/2023;Utility Statement;Monthly
JONC;01/06/2023;689992.8333333334;JONC-SS01-P;2023-06-01;01/06/2023;Utility Statement;Monthly
LBDF;01/06/2023;831040.3333333334;LBDF-SS01-P;2023-06-01;01/06/2023;Utility Statement;Monthly
CARN;01/06/2023;1104896.25;CARN-SS01-P;2023-06-01;01/06/2023;Utility Statement;Monthly
CARN;01/06/2023;1331242.6666666667;CARN-SS02-P;2023-06-01;01/06/2023;Utility Statement;Monthly
HAB1;01/06/2023;1098186.0;HAB1-SS01-P;2023-06-01;01/06/2023;Utility Statement;Monthly
HAB2;01/06/2023;844939.5833333334;HAB2-SS01-P;2023-06-01;01/06/2023;Utility Statement;Monthly
NOUR;01/06/2023;657298.0;NOUR-SS01-P;2023-06-01;01/06/2023;Utility Statement;Monthly
LAPI;01/06/2023;626166.0;LAPI-SS01-P;2023-06-01;01/06/2023;Utility Statement;Monthly
LAGN;01/06/2023;440252.8333333333;LAGN-SS01-P;2023-06-01;01/06/2023;Utility Statement;Monthly
LDTE;01/06/2023;1005552.9166666666;LDTE-SS01-P;2023-06-01;01/06/2023;Utility Statement;Monthly
LANE;01/06/2023;399884.3333333333;LANE-SS01-P;2023-06-01;01/06/2023;Utility Statement;Monthly
RODU;01/06/2023;339896.25;RODU-SS01-P;2023-06-01;01/06/2023;Utility Statement;Monthly
LERO;01/06/2023;330983.4166666667;LERO-SS01-P;2023-06-01;01/06/2023;Utility Statement;Monthly
COT1;01/06/2023;984328.6666666666;COT1-SS01-P;2023-06-01;01/06/2023;Utility Statement;Monthly
COT2;01/06/2023;429157.75;COT2-SS01-P;2023-06-01;01/06/2023;Utility Statement;Monthly
COT3;01/06/2023;617118.5;COT3-SS01-P;2023-06-01;01/06/2023;Utility Statement;Monthly
COT4;01/06/2023;689993.3333333334;COT4-SS01-P;2023-06-01;01/06/2023;Utility Statement;Monthly
LEMO;01/06/2023;1318280.75;LEMO-SS01-P;2023-06-01;01/06/2023;Utility Statement;Monthly
PLOS;01/06/2023;1473823.25;PLOS-SS01-P;2023-06-01;01/06/2023;Utility Statement;Monthly
SABL;01/06/2023;420106.75;SABL-SS01-P;2023-06-01;01/06/2023;Utility Statement;Monthly
FAYD;01/06/2023;1198454.0833333333;FAYD-SS01-P;2023-06-01;01/06/2023;Utility Statement;Monthly
LOMO;01/06/2023;763653.25;LOMO-SS02-P;2023-06-01;01/06/2023;Utility Statement;Monthly
LOMO;01/06/2023;618630.3333333334;LOMO-SS01-P;2023-06-01;01/06/2023;Utility Statement;Monthly
LEPI;01/06/2023;710288.3333333334;LEPI-SS01-P;2023-06-01;01/06/2023;Utility Statement;Monthly
LORO;01/06/2023;432586.9166666667;LORO-SS01-P;2023-06-01;01/06/2023;Utility Statement;Monthly
LORO;01/06/2023;634059.5;LORO-SS02-P;2023-06-01;01/06/2023;Utility Statement;Monthly
LORO;01/06/2023;329612.1666666667;LORO-SS03-P;2023-06-01;01/06/2023;Utility Statement;Monthly
LORO;01/06/2023;472896.9166666667;LORO-SS04-P;2023-06-01;01/06/2023;Utility Statement;Monthly
LORO;01/06/2023;572198.0;LORO-SS05-P;2023-06-01;01/06/2023;Utility Statement;Monthly
LOPV;01/06/2023;1312297.5833333333;LOPV-SS01-P;2023-06-01;01/06/2023;Utility Statement;Monthly
LOU2;01/06/2023;190813.33333333334;LOU2-SS01-P;2023-06-01;01/06/2023;Utility Statement;Monthly
LOYE;01/06/2023;796134.75;LOYE-SS01-P;2023-06-01;01/06/2023;Utility Statement;Monthly
LUC2;01/06/2023;1884982.0;LUC2-SS01-P;2023-06-01;01/06/2023;Utility Statement;Monthly
LUCO;01/06/2023;1218070.9166666667;LUCO-SS01-P;2023-06-01;01/06/2023;Utility Statement;Monthly
LUX1;01/06/2023;1348818.8333333333;LUX1-SS01-P;2023-06-01;01/06/2023;Utility Statement;Monthly
MACH;01/06/2023;479359.25;MACH-SS01-P;2023-06-01;01/06/2023;Utility Statement;Monthly
MAG1;01/06/2023;1267808.6666666667;MAG1-SS01-P;2023-06-01;01/06/2023;Utility Statement;Monthly
MAG3;01/06/2023;639658.0;MAG3-SS01-P;2023-06-01;01/06/2023;Utility Statement;Monthly
MANO;01/06/2023;563786.5833333334;MANO-SS01-P;2023-06-01;01/06/2023;Utility Statement;Monthly
MAUR;01/06/2023;626889.25;MAUR-SS01-P;2023-06-01;01/06/2023;Utility Statement;Monthly
MAZE;01/06/2023;450166.75;MAZE-SS01-P;2023-06-01;01/06/2023;Utility Statement;Monthly
MAZU;01/06/2023;1590154.25;MAZU-SS01-P;2023-06-01;01/06/2023;Utility Statement;Monthly
MDR1;01/06/2023;544788.3333333334;MDR1-SS01-P;2023-06-01;01/06/2023;Utility Statement;Monthly
MTL1;01/06/2023;942374.0833333334;MTL1-SS01-P;2023-06-01;01/06/2023;Utility Statement;Monthly
MOTG;01/06/2023;1557070.9166666667;MOTG-SS01-P;2023-06-01;01/06/2023;Utility Statement;Monthly
MOTG;01/06/2023;246398.08333333334;MOTG-SS02-P;2023-06-01;01/06/2023;Utility Statement;Monthly
MODF;01/06/2023;1229874.0;MODF-SS01-P;2023-06-01;01/06/2023;Utility Statement;Monthly
NAC1;01/06/2023;1167105.8333333333;NAC1-SS01-P;2023-06-01;01/06/2023;Utility Statement;Monthly
NAC2;01/06/2023;917364.25;NAC2-SS01-P;2023-06-01;01/06/2023;Utility Statement;Monthly
NARB;01/06/2023;450238.3333333333;NARB-SS01-P;2023-06-01;01/06/2023;Utility Statement;Monthly
NARB;01/06/2023;528086.0;NARB-SS02-P;2023-06-01;01/06/2023;Utility Statement;Monthly
CDBO;01/06/2023;1044067.1666666666;CDBO-SS01-P;2023-06-01;01/06/2023;Utility Statement;Monthly
NIED;01/06/2023;911200.25;NIED-SS01-P;2023-06-01;01/06/2023;Utility Statement;Monthly
NIEV;01/06/2023;2209704.1666666665;NIEV-SS01-P;2023-06-01;01/06/2023;Utility Statement;Monthly
NIPL;01/06/2023;426578.8333333333;NIPL-SS01-P;2023-06-01;01/06/2023;Utility Statement;Monthly
NITR;01/06/2023;617807.0;NITR-SS01-P;2023-06-01;01/06/2023;Utility Statement;Monthly
OTTM;01/06/2023;2598105.6666666665;OTTM-SS01-P;2023-06-01;01/06/2023;Utility Statement;Monthly
OUPI;01/06/2023;0.0;OUPI-SS01-P;2023-06-01;01/06/2023;Utility Statement;Monthly
PAAN;01/06/2023;1220406.0833333333;PAAN-SS01-P;2023-06-01;01/06/2023;Utility Statement;Monthly
PAAN;01/06/2023;1393217.75;PAAN-SS02-P;2023-06-01;01/06/2023;Utility Statement;Monthly
PEMO;01/06/2023;702304.0;PEMO-SS01-P;2023-06-01;01/06/2023;Utility Statement;Monthly
PLES;01/06/2023;1089635.1666666667;PLES-SS01-P;2023-06-01;01/06/2023;Utility Statement;Monthly
PLGR;01/06/2023;1724086.4166666667;PLGR-SS01-P;2023-06-01;01/06/2023;Utility Statement;Monthly
PLAN;01/06/2023;1490832.0;PLAN-SS01-P;2023-06-01;01/06/2023;Utility Statement;Monthly
PLAN;01/06/2023;1195002.75;PLAN-SS02-P;2023-06-01;01/06/2023;Utility Statement;Monthly
PLAT;01/06/2023;219847.0;PLAT-SS01-P;2023-06-01;01/06/2023;Utility Statement;Monthly
PLEU;01/06/2023;722991.6666666666;PLEU-SS01-P;2023-06-01;01/06/2023;Utility Statement;Monthly
PDCE;01/06/2023;946806.3333333334;PDCE-SS01-P;2023-06-01;01/06/2023;Utility Statement;Monthly
PDCE;01/06/2023;177791.83333333334;PDCE-SS02-P;2023-06-01;01/06/2023;Utility Statement;Monthly
PDFE;01/06/2023;868696.4166666666;PDFE-SS01-P;2023-06-01;01/06/2023;Utility Statement;Monthly
PZIN;01/06/2023;656993.25;PZIN-SS02-P;2023-06-01;01/06/2023;Utility Statement;Monthly
PZIN;01/06/2023;570772.5833333334;PZIN-SS01-P;2023-06-01;01/06/2023;Utility Statement;Monthly
POUZ;01/06/2023;733264.1666666666;POUZ-SS01-P;2023-06-01;01/06/2023;Utility Statement;Monthly
PUYL;01/06/2023;881170.0;PUYL-SS01-P;2023-06-01;01/06/2023;Utility Statement;Monthly
RAM1;01/06/2023;679312.75;RAM1-SS01-P;2023-06-01;01/06/2023;Utility Statement;Monthly
RAM2;01/06/2023;125958.91666666667;RAM2-SS01-P;2023-06-01;01/06/2023;Utility Statement;Monthly
RAM2;01/06/2023;417701.3333333333;RAM2-SS02-P;2023-06-01;01/06/2023;Utility Statement;Monthly
RAM2;01/06/2023;894731.5833333334;RAM2-SS03-P;2023-06-01;01/06/2023;Utility Statement;Monthly
RIBE;01/06/2023;1117599.3333333333;RIBE-SS01-P;2023-06-01;01/06/2023;Utility Statement;Monthly
RIOL;01/06/2023;230852.25;RIOL-SS01-P;2023-06-01;01/06/2023;Utility Statement;Monthly
FRA1;01/06/2023;974189.5833333334;FRA1-SS01-P;2023-06-01;01/06/2023;Utility Statement;Monthly
FRA2;01/06/2023;1324779.5833333333;FRA2-SS01-P;2023-06-01;01/06/2023;Utility Statement;Monthly
ROUS;01/06/2023;632234.4166666666;ROUS-SS01-P;2023-06-01;01/06/2023;Utility Statement;Monthly
ROUS;01/06/2023;581473.5;ROUS-SS02-P;2023-06-01;01/06/2023;Utility Statement;Monthly
STAU;01/06/2023;815557.9166666666;STAU-SS01-P;2023-06-01;01/06/2023;Utility Statement;Monthly
STPA;01/06/2023;761872.3333333334;STPA-SS01-P;2023-06-01;01/06/2023;Utility Statement;Monthly
SALL;01/06/2023;499752.6666666667;SALL-SS01-P;2023-06-01;01/06/2023;Utility Statement;Monthly
SALZ;01/06/2023;523692.0833333333;SALZ-SS01-P;2023-06-01;01/06/2023;Utility Statement;Monthly
SAMO;01/06/2023;537455.25;SAMO-SS01-P;2023-06-01;01/06/2023;Utility Statement;Monthly
SAUM;01/06/2023;1832716.4166666667;SAUM-SS01-P;2023-06-01;01/06/2023;Utility Statement;Monthly
SAUV;01/06/2023;3087592.9166666665;SAUV-SS01-P;2023-06-01;01/06/2023;Utility Statement;Monthly
SERY;01/06/2023;685566.0;SERY-SS01-P;2023-06-01;01/06/2023;Utility Statement;Monthly
SBAP;01/06/2023;2003421.5;SBAP-SS01-P;2023-06-01;01/06/2023;Utility Statement;Monthly
SAMM;01/06/2023;815722.5833333334;SAMM-SS01-P;2023-06-01;01/06/2023;Utility Statement;Monthly
SJVX;01/06/2023;440197.4166666667;SJVX-SS01-P;2023-06-01;01/06/2023;Utility Statement;Monthly
STMB;01/06/2023;225338.91666666666;STMB-SS01-P;2023-06-01;01/06/2023;Utility Statement;Monthly
STME;01/06/2023;537102.0;STME-SS01-P;2023-06-01;01/06/2023;Utility Statement;Monthly
SREG;01/06/2023;819092.5;SREG-SS01-P;2023-06-01;01/06/2023;Utility Statement;Monthly
STSI;01/06/2023;342734.0833333333;STSI-SS01-P;2023-06-01;01/06/2023;Utility Statement;Monthly
STUL;01/06/2023;638654.4166666666;STUL-SS01-P;2023-06-01;01/06/2023;Utility Statement;Monthly
STJU;01/06/2023;459292.0;STJU-SS01-P;2023-06-01;01/06/2023;Utility Statement;Monthly
STEN;01/06/2023;514329.9166666667;STEN-SS01-P;2023-06-01;01/06/2023;Utility Statement;Monthly
SUBY;01/06/2023;1490497.0833333333;SUBY-SS01-P;2023-06-01;01/06/2023;Utility Statement;Monthly
SUBY;01/06/2023;226130.91666666666;SUBY-SS02-P;2023-06-01;01/06/2023;Utility Statement;Monthly
SARA;01/06/2023;949935.5833333334;SARA-SS01-P;2023-06-01;01/06/2023;Utility Statement;Monthly
SARA;01/06/2023;1099987.6666666667;SARA-SS03-P;2023-06-01;01/06/2023;Utility Statement;Monthly
SARA;01/06/2023;1218306.25;SARA-SS04-P;2023-06-01;01/06/2023;Utility Statement;Monthly
TLGR;01/06/2023;1167776.6666666667;TLGR-SS01-P;2023-06-01;01/06/2023;Utility Statement;Monthly
VANA;01/06/2023;568437.5833333334;VANA-SS01-P;2023-06-01;01/06/2023;Utility Statement;Monthly
VARA;01/06/2023;873216.8333333334;VARA-SS01-P;2023-06-01;01/06/2023;Utility Statement;Monthly
VEUL;01/06/2023;1444270.0;VEUL-SS01-P;2023-06-01;01/06/2023;Utility Statement;Monthly
CDBO;01/06/2023;991602.3333333334;CDBO-SS02-P;2023-06-01;01/06/2023;Utility Statement;Monthly
VISE;01/06/2023;493774.8333333333;VISE-SS01-P;2023-06-01;01/06/2023;Utility Statement;Monthly
