Date (start);Interval;Meter;Value;Plant ID
01/01/2022;Monthly;Availability;99.62201;BVER-ECP001-METER001
01/01/2022;Monthly;Availability;98.48439;CHPI-ECP001-METER001
01/01/2022;Monthly;Availability;98.32806;FIEN-ECP001-METER001
01/01/2022;Monthly;Availability;97.20539;JAVI-ECP001-METER001
01/01/2022;Monthly;Availability;95.46427;JONC-ECP001-METER001
01/01/2022;Monthly;Availability;97.38366;ROUS-ECP0001-METER001
01/02/2022;Monthly;Availability;99.56451;BVER-ECP001-METER001
01/02/2022;Monthly;Availability;98.02076;CHPI-ECP001-METER001
01/02/2022;Monthly;Availability;88.89275;FIEN-ECP001-METER001
01/02/2022;Monthly;Availability;100.0;JAVI-ECP001-METER001
01/02/2022;Monthly;Availability;90.82161;JONC-ECP001-METER001
01/02/2022;Monthly;Availability;95.36868;ROUS-ECP0001-METER001
01/03/2022;Monthly;Availability;98.87974;BVER-ECP001-METER001
01/03/2022;Monthly;Availability;98.26762;CHPI-ECP001-METER001
01/03/2022;Monthly;Availability;93.02451;FIEN-ECP001-METER001
01/03/2022;Monthly;Availability;96.60767;JAVI-ECP001-METER001
01/03/2022;Monthly;Availability;93.96208;JONC-ECP001-METER001
01/03/2022;Monthly;Availability;99.14178;ROUS-ECP0001-METER001
01/04/2022;Monthly;Availability;98.53485;BVER-ECP001-METER001
01/04/2022;Monthly;Availability;97.34821;CHPI-ECP001-METER001
01/04/2022;Monthly;Availability;85.16701;FIEN-ECP001-METER001
01/04/2022;Monthly;Availability;99.46921;JAVI-ECP001-METER001
01/04/2022;Monthly;Availability;90.50766;JONC-ECP001-METER001
01/04/2022;Monthly;Availability;96.92166;ROUS-ECP0001-METER001
01/05/2022;Monthly;Availability;97.79131;BVER-ECP001-METER001
01/05/2022;Monthly;Availability;94.30693;CHPI-ECP001-METER001
01/05/2022;Monthly;Availability;99.16001;FIEN-ECP001-METER001
01/05/2022;Monthly;Availability;99.03557;JAVI-ECP001-METER001
01/05/2022;Monthly;Availability;97.59933;JONC-ECP001-METER001
01/05/2022;Monthly;Availability;97.98258;ROUS-ECP0001-METER001
01/06/2022;Monthly;Availability;96.19901;BVER-ECP001-METER001
01/06/2022;Monthly;Availability;98.40216;CHPI-ECP001-METER001
01/06/2022;Monthly;Availability;98.49313;FIEN-ECP001-METER001
01/06/2022;Monthly;Availability;99.95072;JAVI-ECP001-METER001
01/06/2022;Monthly;Availability;97.11964;JONC-ECP001-METER001
01/06/2022;Monthly;Availability;79.82128;ROUS-ECP0001-METER001
01/07/2022;Monthly;Availability;95.39077;BVER-ECP001-METER001
01/07/2022;Monthly;Availability;96.09177;CHPI-ECP001-METER001
01/07/2022;Monthly;Availability;98.66903;FIEN-ECP001-METER001
01/07/2022;Monthly;Availability;97.29652;JAVI-ECP001-METER001
01/07/2022;Monthly;Availability;92.32572;JONC-ECP001-METER001
01/07/2022;Monthly;Availability;96.40268;ROUS-ECP0001-METER001
01/07/2022;Monthly;Availability;95.93932;VARA-ECP001-METER001
01/08/2022;Monthly;Availability;99.3477;BVER-ECP001-METER001
01/08/2022;Monthly;Availability;93.39077;CHPI-ECP001-METER001
01/08/2022;Monthly;Availability;99.13725;FIEN-ECP001-METER001
01/08/2022;Monthly;Availability;98.76497;JAVI-ECP001-METER001
01/08/2022;Monthly;Availability;92.31777;JONC-ECP001-METER001
01/08/2022;Monthly;Availability;99.3564;ROUS-ECP0001-METER001
01/08/2022;Monthly;Availability;99.04182;VARA-ECP001-METER001
01/09/2022;Monthly;Availability;94.25558;BVER-ECP001-METER001
01/09/2022;Monthly;Availability;96.89862;CHPI-ECP001-METER001
01/09/2022;Monthly;Availability;99.02408;FIEN-ECP001-METER001
01/09/2022;Monthly;Availability;95.52845;JAVI-ECP001-METER001
01/09/2022;Monthly;Availability;93.83108;JONC-ECP001-METER001
01/09/2022;Monthly;Availability;97.00091;ROUS-ECP0001-METER001
01/09/2022;Monthly;Availability;99.20394;VARA-ECP001-METER001
01/10/2022;Monthly;Availability;96.4637;BVER-ECP001-METER001
01/10/2022;Monthly;Availability;96.11281;CHPI-ECP001-METER001
01/10/2022;Monthly;Availability;99.61582;FIEN-ECP001-METER001
01/10/2022;Monthly;Availability;87.12374;JAVI-ECP001-METER001
01/10/2022;Monthly;Availability;87.80447;JONC-ECP001-METER001
01/10/2022;Monthly;Availability;99.26035;ROUS-ECP0001-METER001
01/10/2022;Monthly;Availability;98.44572;VARA-ECP001-METER001
01/11/2022;Monthly;Availability;99.46235;BVER-ECP001-METER001
01/11/2022;Monthly;Availability;96.60774;CHPI-ECP001-METER001
01/11/2022;Monthly;Availability;98.0644;FIEN-ECP001-METER001
01/11/2022;Monthly;Availability;60.21384;JAVI-ECP001-METER001
01/11/2022;Monthly;Availability;85.625;JONC-ECP001-METER001
01/11/2022;Monthly;Availability;99.27302;ROUS-ECP0001-METER001
01/11/2022;Monthly;Availability;99.17543;VARA-ECP001-METER001
01/12/2022;Monthly;Availability;97.97385;BVER-ECP001-METER001
01/12/2022;Monthly;Availability;97.05361;CHPI-ECP001-METER001
01/12/2022;Monthly;Availability;98.33582;FIEN-ECP001-METER001
01/12/2022;Monthly;Availability;52.60007;JAVI-ECP001-METER001
01/12/2022;Monthly;Availability;50.0;JONC-ECP001-METER001
01/12/2022;Monthly;Availability;99.5611;ROUS-ECP0001-METER001
01/12/2022;Monthly;Availability;98.90453;VARA-ECP001-METER001
01/01/2023;Monthly;Availability;99.41842;ANPA-ECP001-METER001
01/01/2023;Monthly;Availability;99.75116;BVER-ECP001-METER001
01/01/2023;Monthly;Availability;98.90362;CHPI-ECP001-METER001
01/01/2023;Monthly;Availability;90.35246;FIEN-ECP001-METER001
01/01/2023;Monthly;Availability;55.11292;JAVI-ECP001-METER001
01/01/2023;Monthly;Availability;50.0;JONC-ECP001-METER001
01/01/2023;Monthly;Availability;99.85104;ROUS-ECP0001-METER001
01/01/2023;Monthly;Availability;98.13424;VARA-ECP001-METER001
01/02/2023;Monthly;Availability;98.35998;ANPA-ECP001-METER001
01/02/2023;Monthly;Availability;99.62836;BVER-ECP001-METER001
01/02/2023;Monthly;Availability;99.15977;CHPI-ECP001-METER001
01/02/2023;Monthly;Availability;97.69743;FIEN-ECP001-METER001
01/02/2023;Monthly;Availability;99.95567;JAVI-ECP001-METER001
01/02/2023;Monthly;Availability;50.0;JONC-ECP001-METER001
01/02/2023;Monthly;Availability;99.63944;ROUS-ECP0001-METER001
01/02/2023;Monthly;Availability;98.90217;VARA-ECP001-METER001
01/03/2023;Monthly;Availability;99.6506;ANPA-ECP001-METER001
01/03/2023;Monthly;Availability;99.66839;BVER-ECP001-METER001
01/03/2023;Monthly;Availability;99.04872;CHPI-ECP001-METER001
01/03/2023;Monthly;Availability;99.74568;FIEN-ECP001-METER001
01/03/2023;Monthly;Availability;97.45188;JAVI-ECP001-METER001
01/03/2023;Monthly;Availability;80.56008;JONC-ECP001-METER001
01/03/2023;Monthly;Availability;99.57852;ROUS-ECP0001-METER001
01/03/2023;Monthly;Availability;99.50145;VARA-ECP001-METER001
01/04/2023;Monthly;Availability;98.81288;ANPA-ECP001-METER001
01/04/2023;Monthly;Availability;99.47744;BVER-ECP001-METER001
01/04/2023;Monthly;Availability;98.14759;CHPI-ECP001-METER001
01/04/2023;Monthly;Availability;99.50341;FIEN-ECP001-METER001
01/04/2023;Monthly;Availability;98.21628;JAVI-ECP001-METER001
01/04/2023;Monthly;Availability;96.15213;JONC-ECP001-METER001
01/04/2023;Monthly;Availability;95.68162;ROUS-ECP0001-METER001
01/04/2023;Monthly;Availability;99.6818;VARA-ECP001-METER001
01/05/2023;Monthly;Availability;94.67607;ANPA-ECP001-METER001
01/05/2023;Monthly;Availability;97.0461;BVER-ECP001-METER001
01/05/2023;Monthly;Availability;98.58326;CHPI-ECP001-METER001
01/05/2023;Monthly;Availability;99.77793;FIEN-ECP001-METER001
01/05/2023;Monthly;Availability;94.71782;JAVI-ECP001-METER001
01/05/2023;Monthly;Availability;91.92061;JONC-ECP001-METER001
01/05/2023;Monthly;Availability;98.53054;ROUS-ECP0001-METER001
01/05/2023;Monthly;Availability;99.82223;VARA-ECP001-METER001
01/06/2023;Monthly;Availability;93.10961;ANPA-ECP001-METER001
01/06/2023;Monthly;Availability;98.25424;BVER-ECP001-METER001
01/06/2023;Monthly;Availability;95.93355;CHPI-ECP001-METER001
01/06/2023;Monthly;Availability;98.75488;FIEN-ECP001-METER001
01/06/2023;Monthly;Availability;98.12899;JAVI-ECP001-METER001
01/06/2023;Monthly;Availability;90.39871;JONC-ECP001-METER001
01/06/2023;Monthly;Availability;97.04862;ROUS-ECP0001-METER001
01/06/2023;Monthly;Availability;99.67098;VARA-ECP001-METER001
01/07/2023;Monthly;Availability;99.92131;ANPA-ECP001-METER001
01/07/2023;Monthly;Availability;99.27567;BVER-ECP001-METER001
01/07/2023;Monthly;Availability;98.96729;CHPI-ECP001-METER001
01/07/2023;Monthly;Availability;99.54064;FIEN-ECP001-METER001
01/07/2023;Monthly;Availability;97.30018;JAVI-ECP001-METER001
01/07/2023;Monthly;Availability;100.0;JONC-ECP001-METER001
01/07/2023;Monthly;Availability;98.43418;ROUS-ECP0001-METER001
01/07/2023;Monthly;Availability;99.14412;VARA-ECP001-METER001
01/01/2022;Monthly;Consumption;1800.696;BVER-ECP001-METER001
01/01/2022;Monthly;Consumption;-160622.793;CHPI-ECP001-METER001
01/01/2022;Monthly;Consumption;3.166;FIEN-ECP001-METER001
01/01/2022;Monthly;Consumption;-15312.184;JAVI-ECP001-METER001
01/01/2022;Monthly;Consumption;-2150.516;JONC-ECP001-METER001
01/01/2022;Monthly;Consumption;603.294;ROUS-ECP0001-METER001
01/01/2022;Monthly;Consumption;0.0;VARA-ECP001-METER001
01/02/2022;Monthly;Consumption;493.823;BVER-ECP001-METER001
01/02/2022;Monthly;Consumption;-10555.84;CHPI-ECP001-METER001
01/02/2022;Monthly;Consumption;25.501;FIEN-ECP001-METER001
01/02/2022;Monthly;Consumption;-7760.384;JAVI-ECP001-METER001
01/02/2022;Monthly;Consumption;0.0;JONC-ECP001-METER001
01/02/2022;Monthly;Consumption;345.158;ROUS-ECP0001-METER001
01/02/2022;Monthly;Consumption;-2574.9;VARA-ECP001-METER001
01/03/2022;Monthly;Consumption;652.473;BVER-ECP001-METER001
01/03/2022;Monthly;Consumption;-94123.94;CHPI-ECP001-METER001
01/03/2022;Monthly;Consumption;242.165;FIEN-ECP001-METER001
01/03/2022;Monthly;Consumption;2534.568;JAVI-ECP001-METER001
01/03/2022;Monthly;Consumption;0.0;JONC-ECP001-METER001
01/03/2022;Monthly;Consumption;1418.946;ROUS-ECP0001-METER001
01/03/2022;Monthly;Consumption;-2171.792;VARA-ECP001-METER001
01/04/2022;Monthly;Consumption;414.371;BVER-ECP001-METER001
01/04/2022;Monthly;Consumption;-19933.485;CHPI-ECP001-METER001
01/04/2022;Monthly;Consumption;9.166;FIEN-ECP001-METER001
01/04/2022;Monthly;Consumption;445.386;JAVI-ECP001-METER001
01/04/2022;Monthly;Consumption;2979.47;JONC-ECP001-METER001
01/04/2022;Monthly;Consumption;2008.377;ROUS-ECP0001-METER001
01/04/2022;Monthly;Consumption;56944.443;VARA-ECP001-METER001
01/05/2022;Monthly;Consumption;834.408;BVER-ECP001-METER001
01/05/2022;Monthly;Consumption;-40606.94;CHPI-ECP001-METER001
01/05/2022;Monthly;Consumption;87.166;FIEN-ECP001-METER001
01/05/2022;Monthly;Consumption;7439.844;JAVI-ECP001-METER001
01/05/2022;Monthly;Consumption;585.443;JONC-ECP001-METER001
01/05/2022;Monthly;Consumption;2774.361;ROUS-ECP0001-METER001
01/05/2022;Monthly;Consumption;65437.878;VARA-ECP001-METER001
01/06/2022;Monthly;Consumption;2950.765;BVER-ECP001-METER001
01/06/2022;Monthly;Consumption;-132734.851;CHPI-ECP001-METER001
01/06/2022;Monthly;Consumption;3.5;FIEN-ECP001-METER001
01/06/2022;Monthly;Consumption;6790.303;JAVI-ECP001-METER001
01/06/2022;Monthly;Consumption;-2274.074;JONC-ECP001-METER001
01/06/2022;Monthly;Consumption;4695.511;ROUS-ECP0001-METER001
01/06/2022;Monthly;Consumption;48215.749;VARA-ECP001-METER001
01/07/2022;Monthly;Consumption;2810.107;BVER-ECP001-METER001
01/07/2022;Monthly;Consumption;-160446.074;CHPI-ECP001-METER001
01/07/2022;Monthly;Consumption;13.333;FIEN-ECP001-METER001
01/07/2022;Monthly;Consumption;6241.937;JAVI-ECP001-METER001
01/07/2022;Monthly;Consumption;-6001.738;JONC-ECP001-METER001
01/07/2022;Monthly;Consumption;6984.613;ROUS-ECP0001-METER001
01/07/2022;Monthly;Consumption;74614.522;VARA-ECP001-METER001
01/08/2022;Monthly;Consumption;3242.236;BVER-ECP001-METER001
01/08/2022;Monthly;Consumption;-194408.944;CHPI-ECP001-METER001
01/08/2022;Monthly;Consumption;4.834;FIEN-ECP001-METER001
01/08/2022;Monthly;Consumption;51476.329;JAVI-ECP001-METER001
01/08/2022;Monthly;Consumption;-6210.315;JONC-ECP001-METER001
01/08/2022;Monthly;Consumption;9857.139;ROUS-ECP0001-METER001
01/08/2022;Monthly;Consumption;61309.659;VARA-ECP001-METER001
01/09/2022;Monthly;Consumption;2779.84;BVER-ECP001-METER001
01/09/2022;Monthly;Consumption;-169875.202;CHPI-ECP001-METER001
01/09/2022;Monthly;Consumption;7.501;FIEN-ECP001-METER001
01/09/2022;Monthly;Consumption;25445.896;JAVI-ECP001-METER001
01/09/2022;Monthly;Consumption;-4433.445;JONC-ECP001-METER001
01/09/2022;Monthly;Consumption;15060.284;ROUS-ECP0001-METER001
01/09/2022;Monthly;Consumption;74562.846;VARA-ECP001-METER001
01/10/2022;Monthly;Consumption;1128.553;BVER-ECP001-METER001
01/10/2022;Monthly;Consumption;-76847.962;CHPI-ECP001-METER001
01/10/2022;Monthly;Consumption;21.5;FIEN-ECP001-METER001
01/10/2022;Monthly;Consumption;51940.357;JAVI-ECP001-METER001
01/10/2022;Monthly;Consumption;-2582.221;JONC-ECP001-METER001
01/10/2022;Monthly;Consumption;12384.333;ROUS-ECP0001-METER001
01/10/2022;Monthly;Consumption;91615.644;VARA-ECP001-METER001
01/11/2022;Monthly;Consumption;163.028;BVER-ECP001-METER001
01/11/2022;Monthly;Consumption;67282.048;CHPI-ECP001-METER001
01/11/2022;Monthly;Consumption;10447.998;FIEN-ECP001-METER001
01/11/2022;Monthly;Consumption;-1043.034;JAVI-ECP001-METER001
01/11/2022;Monthly;Consumption;0.0;JONC-ECP001-METER001
01/11/2022;Monthly;Consumption;763.492;ROUS-ECP0001-METER001
01/11/2022;Monthly;Consumption;54003.353;VARA-ECP001-METER001
01/12/2022;Monthly;Consumption;1911.541;BVER-ECP001-METER001
01/12/2022;Monthly;Consumption;-10166.306;CHPI-ECP001-METER001
01/12/2022;Monthly;Consumption;1474.333;FIEN-ECP001-METER001
01/12/2022;Monthly;Consumption;-1421.886;JAVI-ECP001-METER001
01/12/2022;Monthly;Consumption;0.0;JONC-ECP001-METER001
01/12/2022;Monthly;Consumption;3361.911;ROUS-ECP0001-METER001
01/12/2022;Monthly;Consumption;1067.861;VARA-ECP001-METER001
01/01/2023;Monthly;Consumption;7251.456;ANPA-ECP001-METER001
01/01/2023;Monthly;Consumption;769.43;BVER-ECP001-METER001
01/01/2023;Monthly;Consumption;-42402.007;CHPI-ECP001-METER001
01/01/2023;Monthly;Consumption;552.498;FIEN-ECP001-METER001
01/01/2023;Monthly;Consumption;1538.808;JAVI-ECP001-METER001
01/01/2023;Monthly;Consumption;0.0;JONC-ECP001-METER001
01/01/2023;Monthly;Consumption;60659.259;ROUS-ECP0001-METER001
01/01/2023;Monthly;Consumption;4265.511;VARA-ECP001-METER001
01/02/2023;Monthly;Consumption;25201.509;ANPA-ECP001-METER001
01/02/2023;Monthly;Consumption;290.248;BVER-ECP001-METER001
01/02/2023;Monthly;Consumption;-60955.066;CHPI-ECP001-METER001
01/02/2023;Monthly;Consumption;8.499;FIEN-ECP001-METER001
01/02/2023;Monthly;Consumption;-6764.134;JAVI-ECP001-METER001
01/02/2023;Monthly;Consumption;0.0;JONC-ECP001-METER001
01/02/2023;Monthly;Consumption;99.929;ROUS-ECP0001-METER001
01/02/2023;Monthly;Consumption;10073.176;VARA-ECP001-METER001
01/03/2023;Monthly;Consumption;52194.692;ANPA-ECP001-METER001
01/03/2023;Monthly;Consumption;609.92;BVER-ECP001-METER001
01/03/2023;Monthly;Consumption;-36572.439;CHPI-ECP001-METER001
01/03/2023;Monthly;Consumption;38.502;FIEN-ECP001-METER001
01/03/2023;Monthly;Consumption;186949.56;JAVI-ECP001-METER001
01/03/2023;Monthly;Consumption;-3251.705;JONC-ECP001-METER001
01/03/2023;Monthly;Consumption;1475.329;ROUS-ECP0001-METER001
01/03/2023;Monthly;Consumption;47466.607;VARA-ECP001-METER001
01/04/2023;Monthly;Consumption;9355.974;ANPA-ECP001-METER001
01/04/2023;Monthly;Consumption;313.998;BVER-ECP001-METER001
01/04/2023;Monthly;Consumption;-56108.465;CHPI-ECP001-METER001
01/04/2023;Monthly;Consumption;9.334;FIEN-ECP001-METER001
01/04/2023;Monthly;Consumption;-545.07;JAVI-ECP001-METER001
01/04/2023;Monthly;Consumption;-4044.774;JONC-ECP001-METER001
01/04/2023;Monthly;Consumption;1863.631;ROUS-ECP0001-METER001
01/04/2023;Monthly;Consumption;26008.218;VARA-ECP001-METER001
01/05/2023;Monthly;Consumption;11085.542;ANPA-ECP001-METER001
01/05/2023;Monthly;Consumption;1278.036;BVER-ECP001-METER001
01/05/2023;Monthly;Consumption;-68540.539;CHPI-ECP001-METER001
01/05/2023;Monthly;Consumption;20.832;FIEN-ECP001-METER001
01/05/2023;Monthly;Consumption;-8970.335;JAVI-ECP001-METER001
01/05/2023;Monthly;Consumption;-4859.924;JONC-ECP001-METER001
01/05/2023;Monthly;Consumption;4340.332;ROUS-ECP0001-METER001
01/05/2023;Monthly;Consumption;12148.672;VARA-ECP001-METER001
01/06/2023;Monthly;Consumption;1222.042;ANPA-ECP001-METER001
01/06/2023;Monthly;Consumption;78.609;BVER-ECP001-METER001
01/06/2023;Monthly;Consumption;-122220.54;CHPI-ECP001-METER001
01/06/2023;Monthly;Consumption;758.0;FIEN-ECP001-METER001
01/06/2023;Monthly;Consumption;-17096.089;JAVI-ECP001-METER001
01/06/2023;Monthly;Consumption;-7961.904;JONC-ECP001-METER001
01/06/2023;Monthly;Consumption;422.618;ROUS-ECP0001-METER001
01/06/2023;Monthly;Consumption;-9640.808;VARA-ECP001-METER001
01/07/2023;Monthly;Consumption;71.771;ANPA-ECP001-METER001
01/07/2023;Monthly;Consumption;0.0;BVER-ECP001-METER001
01/07/2023;Monthly;Consumption;-170756.836;CHPI-ECP001-METER001
01/07/2023;Monthly;Consumption;1.167;FIEN-ECP001-METER001
01/07/2023;Monthly;Consumption;-21820.862;JAVI-ECP001-METER001
01/07/2023;Monthly;Consumption;-8860.714;JONC-ECP001-METER001
01/07/2023;Monthly;Consumption;-0.197;ROUS-ECP0001-METER001
01/07/2023;Monthly;Consumption;-8784.214;VARA-ECP001-METER001
01/01/2022;Monthly;Gross Generation;1959307.94;BVER-ECP001-METER001
01/01/2022;Monthly;Gross Generation;10103267.153;CHPI-ECP001-METER001
01/01/2022;Monthly;Gross Generation;2188872.353;FIEN-ECP001-METER001
01/01/2022;Monthly;Gross Generation;2881537.734;JAVI-ECP001-METER001
01/01/2022;Monthly;Gross Generation;999574.415;JONC-ECP001-METER001
01/01/2022;Monthly;Gross Generation;2928423.584;ROUS-ECP0001-METER001
01/01/2022;Monthly;Gross Generation;0.0;VARA-ECP001-METER001
01/02/2022;Monthly;Gross Generation;2977150.584;BVER-ECP001-METER001
01/02/2022;Monthly;Gross Generation;21858983.279;CHPI-ECP001-METER001
01/02/2022;Monthly;Gross Generation;3732298.521;FIEN-ECP001-METER001
01/02/2022;Monthly;Gross Generation;3609357.787;JAVI-ECP001-METER001
01/02/2022;Monthly;Gross Generation;0.0;JONC-ECP001-METER001
01/02/2022;Monthly;Gross Generation;3358862.395;ROUS-ECP0001-METER001
01/02/2022;Monthly;Gross Generation;1520544.816;VARA-ECP001-METER001
01/03/2022;Monthly;Gross Generation;1635861.439;BVER-ECP001-METER001
01/03/2022;Monthly;Gross Generation;15854165.27;CHPI-ECP001-METER001
01/03/2022;Monthly;Gross Generation;1636403.128;FIEN-ECP001-METER001
01/03/2022;Monthly;Gross Generation;3155457.601;JAVI-ECP001-METER001
01/03/2022;Monthly;Gross Generation;0.0;JONC-ECP001-METER001
01/03/2022;Monthly;Gross Generation;4193926.144;ROUS-ECP0001-METER001
01/03/2022;Monthly;Gross Generation;2761411.777;VARA-ECP001-METER001
01/04/2022;Monthly;Gross Generation;1669898.221;BVER-ECP001-METER001
01/04/2022;Monthly;Gross Generation;16064281.409;CHPI-ECP001-METER001
01/04/2022;Monthly;Gross Generation;1702794.06;FIEN-ECP001-METER001
01/04/2022;Monthly;Gross Generation;2699566.02;JAVI-ECP001-METER001
01/04/2022;Monthly;Gross Generation;26722.425;JONC-ECP001-METER001
01/04/2022;Monthly;Gross Generation;2680026.565;ROUS-ECP0001-METER001
01/04/2022;Monthly;Gross Generation;2002526.501;VARA-ECP001-METER001
01/05/2022;Monthly;Gross Generation;1436809.152;BVER-ECP001-METER001
01/05/2022;Monthly;Gross Generation;7274013.05;CHPI-ECP001-METER001
01/05/2022;Monthly;Gross Generation;1721995.35;FIEN-ECP001-METER001
01/05/2022;Monthly;Gross Generation;1868578.236;JAVI-ECP001-METER001
01/05/2022;Monthly;Gross Generation;327545.544;JONC-ECP001-METER001
01/05/2022;Monthly;Gross Generation;1974819.953;ROUS-ECP0001-METER001
01/05/2022;Monthly;Gross Generation;1334992.831;VARA-ECP001-METER001
01/06/2022;Monthly;Gross Generation;1362714.8;BVER-ECP001-METER001
01/06/2022;Monthly;Gross Generation;3815703.225;CHPI-ECP001-METER001
01/06/2022;Monthly;Gross Generation;1644306.689;FIEN-ECP001-METER001
01/06/2022;Monthly;Gross Generation;1718382.805;JAVI-ECP001-METER001
01/06/2022;Monthly;Gross Generation;270833.532;JONC-ECP001-METER001
01/06/2022;Monthly;Gross Generation;1173369.625;ROUS-ECP0001-METER001
01/06/2022;Monthly;Gross Generation;903786.361;VARA-ECP001-METER001
01/07/2022;Monthly;Gross Generation;1053902.517;BVER-ECP001-METER001
01/07/2022;Monthly;Gross Generation;5691181.397;CHPI-ECP001-METER001
01/07/2022;Monthly;Gross Generation;1266070.032;FIEN-ECP001-METER001
01/07/2022;Monthly;Gross Generation;2116103.198;JAVI-ECP001-METER001
01/07/2022;Monthly;Gross Generation;1241819.082;JONC-ECP001-METER001
01/07/2022;Monthly;Gross Generation;1703691.905;ROUS-ECP0001-METER001
01/07/2022;Monthly;Gross Generation;1514000.721;VARA-ECP001-METER001
01/08/2022;Monthly;Gross Generation;1163930.862;BVER-ECP001-METER001
01/08/2022;Monthly;Gross Generation;7043176.457;CHPI-ECP001-METER001
01/08/2022;Monthly;Gross Generation;1209337.507;FIEN-ECP001-METER001
01/08/2022;Monthly;Gross Generation;1566872.779;JAVI-ECP001-METER001
01/08/2022;Monthly;Gross Generation;1011470.384;JONC-ECP001-METER001
01/08/2022;Monthly;Gross Generation;1624810.844;ROUS-ECP0001-METER001
01/08/2022;Monthly;Gross Generation;1661184.257;VARA-ECP001-METER001
01/09/2022;Monthly;Gross Generation;1449416.69;BVER-ECP001-METER001
01/09/2022;Monthly;Gross Generation;7750154.233;CHPI-ECP001-METER001
01/09/2022;Monthly;Gross Generation;1199001.677;FIEN-ECP001-METER001
01/09/2022;Monthly;Gross Generation;2269523.556;JAVI-ECP001-METER001
01/09/2022;Monthly;Gross Generation;1466805.314;JONC-ECP001-METER001
01/09/2022;Monthly;Gross Generation;1900653.452;ROUS-ECP0001-METER001
01/09/2022;Monthly;Gross Generation;1629589.867;VARA-ECP001-METER001
01/10/2022;Monthly;Gross Generation;1935645.538;BVER-ECP001-METER001
01/10/2022;Monthly;Gross Generation;11159251.73;CHPI-ECP001-METER001
01/10/2022;Monthly;Gross Generation;2727867.854;FIEN-ECP001-METER001
01/10/2022;Monthly;Gross Generation;2331566.81;JAVI-ECP001-METER001
01/10/2022;Monthly;Gross Generation;236953.473;JONC-ECP001-METER001
01/10/2022;Monthly;Gross Generation;4141087.49;ROUS-ECP0001-METER001
01/10/2022;Monthly;Gross Generation;2203832.251;VARA-ECP001-METER001
01/11/2022;Monthly;Gross Generation;2641872.709;BVER-ECP001-METER001
01/11/2022;Monthly;Gross Generation;16126504.273;CHPI-ECP001-METER001
01/11/2022;Monthly;Gross Generation;3552672.921;FIEN-ECP001-METER001
01/11/2022;Monthly;Gross Generation;1086567.067;JAVI-ECP001-METER001
01/11/2022;Monthly;Gross Generation;0.0;JONC-ECP001-METER001
01/11/2022;Monthly;Gross Generation;4401757.156;ROUS-ECP0001-METER001
01/11/2022;Monthly;Gross Generation;2469971.543;VARA-ECP001-METER001
01/12/2022;Monthly;Gross Generation;2247133.514;BVER-ECP001-METER001
01/12/2022;Monthly;Gross Generation;13995265.737;CHPI-ECP001-METER001
01/12/2022;Monthly;Gross Generation;2761082.6;FIEN-ECP001-METER001
01/12/2022;Monthly;Gross Generation;2480101.164;JAVI-ECP001-METER001
01/12/2022;Monthly;Gross Generation;0.0;JONC-ECP001-METER001
01/12/2022;Monthly;Gross Generation;4713389.463;ROUS-ECP0001-METER001
01/12/2022;Monthly;Gross Generation;3239852.425;VARA-ECP001-METER001
01/01/2023;Monthly;Gross Generation;3565593.039;ANPA-ECP001-METER001
01/01/2023;Monthly;Gross Generation;2018529.243;BVER-ECP001-METER001
01/01/2023;Monthly;Gross Generation;19773686.021;CHPI-ECP001-METER001
01/01/2023;Monthly;Gross Generation;3222731.814;FIEN-ECP001-METER001
01/01/2023;Monthly;Gross Generation;2337014.936;JAVI-ECP001-METER001
01/01/2023;Monthly;Gross Generation;0.0;JONC-ECP001-METER001
01/01/2023;Monthly;Gross Generation;3387705.053;ROUS-ECP0001-METER001
01/01/2023;Monthly;Gross Generation;2745849.833;VARA-ECP001-METER001
01/02/2023;Monthly;Gross Generation;1770993.187;ANPA-ECP001-METER001
01/02/2023;Monthly;Gross Generation;1146116.702;BVER-ECP001-METER001
01/02/2023;Monthly;Gross Generation;13314227.444;CHPI-ECP001-METER001
01/02/2023;Monthly;Gross Generation;2168569.843;FIEN-ECP001-METER001
01/02/2023;Monthly;Gross Generation;2551401.156;JAVI-ECP001-METER001
01/02/2023;Monthly;Gross Generation;0.0;JONC-ECP001-METER001
01/02/2023;Monthly;Gross Generation;2662232.947;ROUS-ECP0001-METER001
01/02/2023;Monthly;Gross Generation;1673250.282;VARA-ECP001-METER001
01/03/2023;Monthly;Gross Generation;2693082.885;ANPA-ECP001-METER001
01/03/2023;Monthly;Gross Generation;2667323.842;BVER-ECP001-METER001
01/03/2023;Monthly;Gross Generation;20826996.762;CHPI-ECP001-METER001
01/03/2023;Monthly;Gross Generation;3859338.521;FIEN-ECP001-METER001
01/03/2023;Monthly;Gross Generation;2719214.298;JAVI-ECP001-METER001
01/03/2023;Monthly;Gross Generation;1634849.703;JONC-ECP001-METER001
01/03/2023;Monthly;Gross Generation;4408069.816;ROUS-ECP0001-METER001
01/03/2023;Monthly;Gross Generation;1646054.236;VARA-ECP001-METER001
01/04/2023;Monthly;Gross Generation;2910019.409;ANPA-ECP001-METER001
01/04/2023;Monthly;Gross Generation;2024468.636;BVER-ECP001-METER001
01/04/2023;Monthly;Gross Generation;13138029.791;CHPI-ECP001-METER001
01/04/2023;Monthly;Gross Generation;1990384.35;FIEN-ECP001-METER001
01/04/2023;Monthly;Gross Generation;3200604.187;JAVI-ECP001-METER001
01/04/2023;Monthly;Gross Generation;2011296.138;JONC-ECP001-METER001
01/04/2023;Monthly;Gross Generation;3084424.794;ROUS-ECP0001-METER001
01/04/2023;Monthly;Gross Generation;2199511.98;VARA-ECP001-METER001
01/05/2023;Monthly;Gross Generation;2984230.997;ANPA-ECP001-METER001
01/05/2023;Monthly;Gross Generation;1624027.651;BVER-ECP001-METER001
01/05/2023;Monthly;Gross Generation;14001914.703;CHPI-ECP001-METER001
01/05/2023;Monthly;Gross Generation;1655330.691;FIEN-ECP001-METER001
01/05/2023;Monthly;Gross Generation;2929349.625;JAVI-ECP001-METER001
01/05/2023;Monthly;Gross Generation;1399731.336;JONC-ECP001-METER001
01/05/2023;Monthly;Gross Generation;2761339.642;ROUS-ECP0001-METER001
01/05/2023;Monthly;Gross Generation;2404541.403;VARA-ECP001-METER001
01/06/2023;Monthly;Gross Generation;1173203.826;ANPA-ECP001-METER001
01/06/2023;Monthly;Gross Generation;1174468.759;BVER-ECP001-METER001
01/06/2023;Monthly;Gross Generation;8240012.848;CHPI-ECP001-METER001
01/06/2023;Monthly;Gross Generation;1693119.398;FIEN-ECP001-METER001
01/06/2023;Monthly;Gross Generation;1298872.825;JAVI-ECP001-METER001
01/06/2023;Monthly;Gross Generation;696999.522;JONC-ECP001-METER001
01/06/2023;Monthly;Gross Generation;1224551.992;ROUS-ECP0001-METER001
01/06/2023;Monthly;Gross Generation;881889.714;VARA-ECP001-METER001
01/07/2023;Monthly;Gross Generation;2053104.919;ANPA-ECP001-METER001
01/07/2023;Monthly;Gross Generation;1428278.874;BVER-ECP001-METER001
01/07/2023;Monthly;Gross Generation;11204525.177;CHPI-ECP001-METER001
01/07/2023;Monthly;Gross Generation;2769371.033;FIEN-ECP001-METER001
01/07/2023;Monthly;Gross Generation;1906508.171;JAVI-ECP001-METER001
01/07/2023;Monthly;Gross Generation;0.0;JONC-ECP001-METER001
01/07/2023;Monthly;Gross Generation;1597312.328;ROUS-ECP0001-METER001
01/07/2023;Monthly;Gross Generation;846660.806;VARA-ECP001-METER001
01/01/2022;Monthly;Production;1961108.636;BVER-ECP001-METER001
01/01/2022;Monthly;Production;9942644.36;CHPI-ECP001-METER001
01/01/2022;Monthly;Production;2188875.519;FIEN-ECP001-METER001
01/01/2022;Monthly;Production;2866225.55;JAVI-ECP001-METER001
01/01/2022;Monthly;Production;997423.899;JONC-ECP001-METER001
01/01/2022;Monthly;Production;2929026.878;ROUS-ECP0001-METER001
01/01/2022;Monthly;Production;0.0;VARA-ECP001-METER001
01/01/2022;Monthly;Production;1259305.0;JON2-ECP001-METER001
01/01/2022;Monthly;Production;1095860.0;SALL-ECP001-METER001
01/01/2022;Monthly;Production;1958387.0;LEMO-ECP001-METER001
01/02/2022;Monthly;Production;2977644.407;BVER-ECP001-METER001
01/02/2022;Monthly;Production;21848427.439;CHPI-ECP001-METER001
01/02/2022;Monthly;Production;3732324.022;FIEN-ECP001-METER001
01/02/2022;Monthly;Production;3601597.403;JAVI-ECP001-METER001
01/02/2022;Monthly;Production;0.0;JONC-ECP001-METER001
01/02/2022;Monthly;Production;3359207.553;ROUS-ECP0001-METER001
01/02/2022;Monthly;Production;1517969.916;VARA-ECP001-METER001
01/02/2022;Monthly;Production;1505233.0;JON2-ECP001-METER001
01/02/2022;Monthly;Production;2140705.0;SALL-ECP001-METER001
01/02/2022;Monthly;Production;3621761.0;LEMO-ECP001-METER001
01/03/2022;Monthly;Production;1636513.912;BVER-ECP001-METER001
01/03/2022;Monthly;Production;15760041.33;CHPI-ECP001-METER001
01/03/2022;Monthly;Production;1636645.293;FIEN-ECP001-METER001
01/03/2022;Monthly;Production;3157992.169;JAVI-ECP001-METER001
01/03/2022;Monthly;Production;0.0;JONC-ECP001-METER001
01/03/2022;Monthly;Production;4195345.09;ROUS-ECP0001-METER001
01/03/2022;Monthly;Production;2759239.985;VARA-ECP001-METER001
01/03/2022;Monthly;Production;751084.0;JON2-ECP001-METER001
01/03/2022;Monthly;Production;1429638.0;SALL-ECP001-METER001
01/03/2022;Monthly;Production;2412630.0;LEMO-ECP001-METER001
01/04/2022;Monthly;Production;1670312.592;BVER-ECP001-METER001
01/04/2022;Monthly;Production;16044347.924;CHPI-ECP001-METER001
01/04/2022;Monthly;Production;1702803.226;FIEN-ECP001-METER001
01/04/2022;Monthly;Production;2700011.406;JAVI-ECP001-METER001
01/04/2022;Monthly;Production;29701.895;JONC-ECP001-METER001
01/04/2022;Monthly;Production;2682034.942;ROUS-ECP0001-METER001
01/04/2022;Monthly;Production;2059470.944;VARA-ECP001-METER001
01/04/2022;Monthly;Production;1000894.0;JON2-ECP001-METER001
01/04/2022;Monthly;Production;1190614.0;SALL-ECP001-METER001
01/04/2022;Monthly;Production;2614604.0;LEMO-ECP001-METER001
01/05/2022;Monthly;Production;1437643.56;BVER-ECP001-METER001
01/05/2022;Monthly;Production;7233406.11;CHPI-ECP001-METER001
01/05/2022;Monthly;Production;1722082.516;FIEN-ECP001-METER001
01/05/2022;Monthly;Production;1876018.08;JAVI-ECP001-METER001
01/05/2022;Monthly;Production;328130.987;JONC-ECP001-METER001
01/05/2022;Monthly;Production;1977594.314;ROUS-ECP0001-METER001
01/05/2022;Monthly;Production;1400430.709;VARA-ECP001-METER001
01/05/2022;Monthly;Production;469522.0;JON2-ECP001-METER001
01/05/2022;Monthly;Production;469588.0;SALL-ECP001-METER001
01/05/2022;Monthly;Production;1506690.0;LEMO-ECP001-METER001
01/06/2022;Monthly;Production;1365665.565;BVER-ECP001-METER001
01/06/2022;Monthly;Production;3682968.374;CHPI-ECP001-METER001
01/06/2022;Monthly;Production;1644310.189;FIEN-ECP001-METER001
01/06/2022;Monthly;Production;1725173.108;JAVI-ECP001-METER001
01/06/2022;Monthly;Production;268559.458;JONC-ECP001-METER001
01/06/2022;Monthly;Production;1178065.136;ROUS-ECP0001-METER001
01/06/2022;Monthly;Production;952002.11;VARA-ECP001-METER001
01/06/2022;Monthly;Production;369027.0;JON2-ECP001-METER001
01/06/2022;Monthly;Production;635677.0;SALL-ECP001-METER001
01/06/2022;Monthly;Production;985192.0;LEMO-ECP001-METER001
01/07/2022;Monthly;Production;1056712.624;BVER-ECP001-METER001
01/07/2022;Monthly;Production;5530735.323;CHPI-ECP001-METER001
01/07/2022;Monthly;Production;1266083.365;FIEN-ECP001-METER001
01/07/2022;Monthly;Production;2122345.135;JAVI-ECP001-METER001
01/07/2022;Monthly;Production;1235817.344;JONC-ECP001-METER001
01/07/2022;Monthly;Production;1710676.518;ROUS-ECP0001-METER001
01/07/2022;Monthly;Production;1588615.243;VARA-ECP001-METER001
01/07/2022;Monthly;Production;570280.0;JON2-ECP001-METER001
01/07/2022;Monthly;Production;421106.0;SALL-ECP001-METER001
01/07/2022;Monthly;Production;1328164.0;LEMO-ECP001-METER001
01/08/2022;Monthly;Production;1167173.098;BVER-ECP001-METER001
01/08/2022;Monthly;Production;6848767.513;CHPI-ECP001-METER001
01/08/2022;Monthly;Production;1209342.341;FIEN-ECP001-METER001
01/08/2022;Monthly;Production;1618349.108;JAVI-ECP001-METER001
01/08/2022;Monthly;Production;1005260.069;JONC-ECP001-METER001
01/08/2022;Monthly;Production;1634667.983;ROUS-ECP0001-METER001
01/08/2022;Monthly;Production;1722493.916;VARA-ECP001-METER001
01/08/2022;Monthly;Production;425450.0;JON2-ECP001-METER001
01/08/2022;Monthly;Production;600166.0;SALL-ECP001-METER001
01/08/2022;Monthly;Production;1664279.0;LEMO-ECP001-METER001
01/09/2022;Monthly;Production;1452196.53;BVER-ECP001-METER001
01/09/2022;Monthly;Production;7580279.031;CHPI-ECP001-METER001
01/09/2022;Monthly;Production;1199009.178;FIEN-ECP001-METER001
01/09/2022;Monthly;Production;2294969.452;JAVI-ECP001-METER001
01/09/2022;Monthly;Production;1462371.869;JONC-ECP001-METER001
01/09/2022;Monthly;Production;1915713.736;ROUS-ECP0001-METER001
01/09/2022;Monthly;Production;1704152.713;VARA-ECP001-METER001
01/09/2022;Monthly;Production;656728.0;JON2-ECP001-METER001
01/09/2022;Monthly;Production;701405.0;SALL-ECP001-METER001
01/09/2022;Monthly;Production;1127862.0;LEMO-ECP001-METER001
01/10/2022;Monthly;Production;1936774.091;BVER-ECP001-METER001
01/10/2022;Monthly;Production;11082403.768;CHPI-ECP001-METER001
01/10/2022;Monthly;Production;2727889.354;FIEN-ECP001-METER001
01/10/2022;Monthly;Production;2383507.167;JAVI-ECP001-METER001
01/10/2022;Monthly;Production;234371.252;JONC-ECP001-METER001
01/10/2022;Monthly;Production;4153471.823;ROUS-ECP0001-METER001
01/10/2022;Monthly;Production;2295447.895;VARA-ECP001-METER001
01/10/2022;Monthly;Production;1348086.0;SALL-ECP001-METER001
01/10/2022;Monthly;Production;2048039.0;LEMO-ECP001-METER001
01/11/2022;Monthly;Production;2642035.737;BVER-ECP001-METER001
01/11/2022;Monthly;Production;16193786.321;CHPI-ECP001-METER001
01/11/2022;Monthly;Production;3563120.919;FIEN-ECP001-METER001
01/11/2022;Monthly;Production;1085524.033;JAVI-ECP001-METER001
01/11/2022;Monthly;Production;0.0;JONC-ECP001-METER001
01/11/2022;Monthly;Production;4402520.648;ROUS-ECP0001-METER001
01/11/2022;Monthly;Production;2523974.896;VARA-ECP001-METER001
01/11/2022;Monthly;Production;538826.0;JON2-ECP001-METER001
01/11/2022;Monthly;Production;2667614.0;LEMO-ECP001-METER001
01/12/2022;Monthly;Production;2249045.055;BVER-ECP001-METER001
01/12/2022;Monthly;Production;13985099.431;CHPI-ECP001-METER001
01/12/2022;Monthly;Production;2762556.933;FIEN-ECP001-METER001
01/12/2022;Monthly;Production;2478679.278;JAVI-ECP001-METER001
01/12/2022;Monthly;Production;0.0;JONC-ECP001-METER001
01/12/2022;Monthly;Production;4716751.374;ROUS-ECP0001-METER001
01/12/2022;Monthly;Production;3240920.286;VARA-ECP001-METER001
01/12/2022;Monthly;Production;464645.0;JON2-ECP001-METER001
01/12/2022;Monthly;Production;1926716.0;SALL-ECP001-METER001
01/12/2022;Monthly;Production;3229362.0;LEMO-ECP001-METER001
01/01/2023;Monthly;Production;3572844.495;ANPA-ECP001-METER001
01/01/2023;Monthly;Production;2019298.673;BVER-ECP001-METER001
01/01/2023;Monthly;Production;19731284.014;CHPI-ECP001-METER001
01/01/2023;Monthly;Production;3223284.312;FIEN-ECP001-METER001
01/01/2023;Monthly;Production;2338553.744;JAVI-ECP001-METER001
01/01/2023;Monthly;Production;0.0;JONC-ECP001-METER001
01/01/2023;Monthly;Production;3448364.312;ROUS-ECP0001-METER001
01/01/2023;Monthly;Production;2750115.344;VARA-ECP001-METER001
01/01/2023;Monthly;Production;2385526.0;SALL-ECP001-METER001
01/01/2023;Monthly;Production;4073648.0;LEMO-ECP001-METER001
01/01/2023;Monthly;Production;1176790.0;JON2-ECP001-METER001
01/02/2023;Monthly;Production;1796194.696;ANPA-ECP001-METER001
01/02/2023;Monthly;Production;1146406.95;BVER-ECP001-METER001
01/02/2023;Monthly;Production;13253272.378;CHPI-ECP001-METER001
01/02/2023;Monthly;Production;2168578.342;FIEN-ECP001-METER001
01/02/2023;Monthly;Production;2544637.022;JAVI-ECP001-METER001
01/02/2023;Monthly;Production;0.0;JONC-ECP001-METER001
01/02/2023;Monthly;Production;2662332.876;ROUS-ECP0001-METER001
01/02/2023;Monthly;Production;1683323.458;VARA-ECP001-METER001
01/02/2023;Monthly;Production;1035131.0;SALL-ECP001-METER001
01/02/2023;Monthly;Production;2118125.0;LEMO-ECP001-METER001
01/03/2023;Monthly;Production;2745277.577;ANPA-ECP001-METER001
01/03/2023;Monthly;Production;2667933.762;BVER-ECP001-METER001
01/03/2023;Monthly;Production;20790424.323;CHPI-ECP001-METER001
01/03/2023;Monthly;Production;3859377.023;FIEN-ECP001-METER001
01/03/2023;Monthly;Production;2906163.858;JAVI-ECP001-METER001
01/03/2023;Monthly;Production;1631597.998;JONC-ECP001-METER001
01/03/2023;Monthly;Production;4409545.145;ROUS-ECP0001-METER001
01/03/2023;Monthly;Production;1693520.843;VARA-ECP001-METER001
01/03/2023;Monthly;Production;2579386.0;SALL-ECP001-METER001
01/03/2023;Monthly;Production;3736919.0;LEMO-ECP001-METER001
01/03/2023;Monthly;Production;1119743.0;JON2-ECP001-METER001
01/04/2023;Monthly;Production;2919375.383;ANPA-ECP001-METER001
01/04/2023;Monthly;Production;2024782.634;BVER-ECP001-METER001
01/04/2023;Monthly;Production;13081921.326;CHPI-ECP001-METER001
01/04/2023;Monthly;Production;1990393.684;FIEN-ECP001-METER001
01/04/2023;Monthly;Production;3200059.117;JAVI-ECP001-METER001
01/04/2023;Monthly;Production;2007251.364;JONC-ECP001-METER001
01/04/2023;Monthly;Production;3086288.425;ROUS-ECP0001-METER001
01/04/2023;Monthly;Production;2225520.198;VARA-ECP001-METER001
01/04/2023;Monthly;Production;2448338.0;LEMO-ECP001-METER001
01/04/2023;Monthly;Production;1256343.0;SALL-ECP001-METER001
01/04/2023;Monthly;Production;1102396.0;JON2-ECP001-METER001
01/05/2023;Monthly;Production;2995316.539;ANPA-ECP001-METER001
01/05/2023;Monthly;Production;1625305.687;BVER-ECP001-METER001
01/05/2023;Monthly;Production;13933374.164;CHPI-ECP001-METER001
01/05/2023;Monthly;Production;1655351.523;FIEN-ECP001-METER001
01/05/2023;Monthly;Production;2920379.29;JAVI-ECP001-METER001
01/05/2023;Monthly;Production;1394871.412;JONC-ECP001-METER001
01/05/2023;Monthly;Production;2765679.974;ROUS-ECP0001-METER001
01/05/2023;Monthly;Production;2416690.075;VARA-ECP001-METER001
01/05/2023;Monthly;Production;2724538.0;LEMO-ECP001-METER001
01/05/2023;Monthly;Production;1160804.0;SALL-ECP001-METER001
01/06/2023;Monthly;Production;1174425.868;ANPA-ECP001-METER001
01/06/2023;Monthly;Production;1174547.368;BVER-ECP001-METER001
01/06/2023;Monthly;Production;8117792.308;CHPI-ECP001-METER001
01/06/2023;Monthly;Production;1693877.398;FIEN-ECP001-METER001
01/06/2023;Monthly;Production;1281776.736;JAVI-ECP001-METER001
01/06/2023;Monthly;Production;689037.618;JONC-ECP001-METER001
01/06/2023;Monthly;Production;1224974.61;ROUS-ECP0001-METER001
01/06/2023;Monthly;Production;872248.906;VARA-ECP001-METER001
01/07/2023;Monthly;Production;2053176.69;ANPA-ECP001-METER001
01/07/2023;Monthly;Production;1428278.874;BVER-ECP001-METER001
01/07/2023;Monthly;Production;11033768.341;CHPI-ECP001-METER001
01/07/2023;Monthly;Production;2769372.2;FIEN-ECP001-METER001
01/07/2023;Monthly;Production;1884687.309;JAVI-ECP001-METER001
01/07/2023;Monthly;Production;-8860.714;JONC-ECP001-METER001
01/07/2023;Monthly;Production;1597312.131;ROUS-ECP0001-METER001
01/07/2023;Monthly;Production;837876.592;VARA-ECP001-METER001
01/01/2022;Monthly;Wind Speed;5.96875;BVER-ECP001-METER001
01/01/2022;Monthly;Wind Speed;5.10223;CHPI-ECP001-METER001
01/01/2022;Monthly;Wind Speed;6.469;FIEN-ECP001-METER001
01/01/2022;Monthly;Wind Speed;5.772;JAVI-ECP001-METER001
01/01/2022;Monthly;Wind Speed;6.75;JONC-ECP001-METER001
01/01/2022;Monthly;Wind Speed;4.88;ROUS-ECP0001-METER001
01/01/2022;Monthly;Wind Speed;0.0;VARA-ECP001-METER001
01/01/2022;Monthly;Wind Speed;7.7;JON2-ECP001-METER001
01/01/2022;Monthly;Wind Speed;5.5;SALL-ECP001-METER001
01/01/2022;Monthly;Wind Speed;5.3;LEMO-ECP001-METER001
01/02/2022;Monthly;Wind Speed;7.34375;BVER-ECP001-METER001
01/02/2022;Monthly;Wind Speed;8.00995;CHPI-ECP001-METER001
01/02/2022;Monthly;Wind Speed;10.3926;FIEN-ECP001-METER001
01/02/2022;Monthly;Wind Speed;6.414;JAVI-ECP001-METER001
01/02/2022;Monthly;Wind Speed;8.07129;JONC-ECP001-METER001
01/02/2022;Monthly;Wind Speed;5.5248;ROUS-ECP0001-METER001
01/02/2022;Monthly;Wind Speed;6.41575;VARA-ECP001-METER001
01/02/2022;Monthly;Wind Speed;7.7;JON2-ECP001-METER001
01/02/2022;Monthly;Wind Speed;8.2;SALL-ECP001-METER001
01/02/2022;Monthly;Wind Speed;7.6;LEMO-ECP001-METER001
01/03/2022;Monthly;Wind Speed;5.343;BVER-ECP001-METER001
01/03/2022;Monthly;Wind Speed;6.08386;CHPI-ECP001-METER001
01/03/2022;Monthly;Wind Speed;6.3478;FIEN-ECP001-METER001
01/03/2022;Monthly;Wind Speed;6.1382;JAVI-ECP001-METER001
01/03/2022;Monthly;Wind Speed;6.547;JONC-ECP001-METER001
01/03/2022;Monthly;Wind Speed;5.7878;ROUS-ECP0001-METER001
01/03/2022;Monthly;Wind Speed;6.8775;VARA-ECP001-METER001
01/03/2022;Monthly;Wind Speed;7.7;JON2-ECP001-METER001
01/03/2022;Monthly;Wind Speed;0.0;SALL-ECP001-METER001
01/03/2022;Monthly;Wind Speed;0.0;LEMO-ECP001-METER001
01/04/2022;Monthly;Wind Speed;6.0345;BVER-ECP001-METER001
01/04/2022;Monthly;Wind Speed;6.4955;CHPI-ECP001-METER001
01/04/2022;Monthly;Wind Speed;7.1578;FIEN-ECP001-METER001
01/04/2022;Monthly;Wind Speed;5.9332;JAVI-ECP001-METER001
01/04/2022;Monthly;Wind Speed;7.96329;JONC-ECP001-METER001
01/04/2022;Monthly;Wind Speed;4.9698;ROUS-ECP0001-METER001
01/04/2022;Monthly;Wind Speed;6.399;VARA-ECP001-METER001
01/04/2022;Monthly;Wind Speed;7.7;JON2-ECP001-METER001
01/04/2022;Monthly;Wind Speed;0.0;SALL-ECP001-METER001
01/04/2022;Monthly;Wind Speed;0.0;LEMO-ECP001-METER001
01/05/2022;Monthly;Wind Speed;5.2005;BVER-ECP001-METER001
01/05/2022;Monthly;Wind Speed;4.81377;CHPI-ECP001-METER001
01/05/2022;Monthly;Wind Speed;6.1024;FIEN-ECP001-METER001
01/05/2022;Monthly;Wind Speed;5.1404;JAVI-ECP001-METER001
01/05/2022;Monthly;Wind Speed;5.3715;JONC-ECP001-METER001
01/05/2022;Monthly;Wind Speed;4.2226;ROUS-ECP0001-METER001
01/05/2022;Monthly;Wind Speed;5.337;VARA-ECP001-METER001
01/05/2022;Monthly;Wind Speed;7.7;JON2-ECP001-METER001
01/05/2022;Monthly;Wind Speed;0.0;SALL-ECP001-METER001
01/05/2022;Monthly;Wind Speed;0.0;LEMO-ECP001-METER001
01/06/2022;Monthly;Wind Speed;5.29275;BVER-ECP001-METER001
01/06/2022;Monthly;Wind Speed;4.48318;CHPI-ECP001-METER001
01/06/2022;Monthly;Wind Speed;6.5392;FIEN-ECP001-METER001
01/06/2022;Monthly;Wind Speed;4.9162;JAVI-ECP001-METER001
01/06/2022;Monthly;Wind Speed;5.55529;JONC-ECP001-METER001
01/06/2022;Monthly;Wind Speed;3.9684;ROUS-ECP0001-METER001
01/06/2022;Monthly;Wind Speed;5.035;VARA-ECP001-METER001
01/06/2022;Monthly;Wind Speed;5.9;JON2-ECP001-METER001
01/06/2022;Monthly;Wind Speed;5.3;SALL-ECP001-METER001
01/06/2022;Monthly;Wind Speed;4.5;LEMO-ECP001-METER001
01/07/2022;Monthly;Wind Speed;4.9245;BVER-ECP001-METER001
01/07/2022;Monthly;Wind Speed;4.64891;CHPI-ECP001-METER001
01/07/2022;Monthly;Wind Speed;5.7814;FIEN-ECP001-METER001
01/07/2022;Monthly;Wind Speed;5.2442;JAVI-ECP001-METER001
01/07/2022;Monthly;Wind Speed;5.38257;JONC-ECP001-METER001
01/07/2022;Monthly;Wind Speed;4.072;ROUS-ECP0001-METER001
01/07/2022;Monthly;Wind Speed;5.64725;VARA-ECP001-METER001
01/07/2022;Monthly;Wind Speed;5.9;JON2-ECP001-METER001
01/07/2022;Monthly;Wind Speed;4.8;SALL-ECP001-METER001
01/07/2022;Monthly;Wind Speed;4.8;LEMO-ECP001-METER001
01/08/2022;Monthly;Wind Speed;5.122;BVER-ECP001-METER001
01/08/2022;Monthly;Wind Speed;4.92168;CHPI-ECP001-METER001
01/08/2022;Monthly;Wind Speed;5.9304;FIEN-ECP001-METER001
01/08/2022;Monthly;Wind Speed;5.1644;JAVI-ECP001-METER001
01/08/2022;Monthly;Wind Speed;4.90507;JONC-ECP001-METER001
01/08/2022;Monthly;Wind Speed;4.1348;ROUS-ECP0001-METER001
01/08/2022;Monthly;Wind Speed;5.53075;VARA-ECP001-METER001
01/08/2022;Monthly;Wind Speed;5.5;JON2-ECP001-METER001
01/08/2022;Monthly;Wind Speed;0.0;SALL-ECP001-METER001
01/08/2022;Monthly;Wind Speed;0.0;LEMO-ECP001-METER001
01/09/2022;Monthly;Wind Speed;5.5155;BVER-ECP001-METER001
01/09/2022;Monthly;Wind Speed;4.87609;CHPI-ECP001-METER001
01/09/2022;Monthly;Wind Speed;5.7656;FIEN-ECP001-METER001
01/09/2022;Monthly;Wind Speed;5.6324;JAVI-ECP001-METER001
01/09/2022;Monthly;Wind Speed;5.70314;JONC-ECP001-METER001
01/09/2022;Monthly;Wind Speed;4.7072;ROUS-ECP0001-METER001
01/09/2022;Monthly;Wind Speed;5.75325;VARA-ECP001-METER001
01/09/2022;Monthly;Wind Speed;6.3;JON2-ECP001-METER001
01/09/2022;Monthly;Wind Speed;5.3;SALL-ECP001-METER001
01/09/2022;Monthly;Wind Speed;4.5;LEMO-ECP001-METER001
01/10/2022;Monthly;Wind Speed;5.8935;BVER-ECP001-METER001
01/10/2022;Monthly;Wind Speed;5.73577;CHPI-ECP001-METER001
01/10/2022;Monthly;Wind Speed;7.6878;FIEN-ECP001-METER001
01/10/2022;Monthly;Wind Speed;6.159;JAVI-ECP001-METER001
01/10/2022;Monthly;Wind Speed;3.99171;JONC-ECP001-METER001
01/10/2022;Monthly;Wind Speed;6.1572;ROUS-ECP0001-METER001
01/10/2022;Monthly;Wind Speed;6.34725;VARA-ECP001-METER001
01/10/2022;Monthly;Wind Speed;0.0;SALL-ECP001-METER001
01/10/2022;Monthly;Wind Speed;0.0;LEMO-ECP001-METER001
01/11/2022;Monthly;Wind Speed;6.84375;BVER-ECP001-METER001
01/11/2022;Monthly;Wind Speed;6.39286;CHPI-ECP001-METER001
01/11/2022;Monthly;Wind Speed;8.4926;FIEN-ECP001-METER001
01/11/2022;Monthly;Wind Speed;6.05;JAVI-ECP001-METER001
01/11/2022;Monthly;Wind Speed;0.0;JONC-ECP001-METER001
01/11/2022;Monthly;Wind Speed;6.1282;ROUS-ECP0001-METER001
01/11/2022;Monthly;Wind Speed;6.44825;VARA-ECP001-METER001
01/11/2022;Monthly;Wind Speed;6.3;JON2-ECP001-METER001
01/11/2022;Monthly;Wind Speed;0.0;LEMO-ECP001-METER001
01/12/2022;Monthly;Wind Speed;6.3255;BVER-ECP001-METER001
01/12/2022;Monthly;Wind Speed;6.3305;CHPI-ECP001-METER001
01/12/2022;Monthly;Wind Speed;7.9762;FIEN-ECP001-METER001
01/12/2022;Monthly;Wind Speed;6.99833;JAVI-ECP001-METER001
01/12/2022;Monthly;Wind Speed;0.0;JONC-ECP001-METER001
01/12/2022;Monthly;Wind Speed;6.281;ROUS-ECP0001-METER001
01/12/2022;Monthly;Wind Speed;7.063;VARA-ECP001-METER001
01/12/2022;Monthly;Wind Speed;7.7;JON2-ECP001-METER001
01/12/2022;Monthly;Wind Speed;0.0;SALL-ECP001-METER001
01/12/2022;Monthly;Wind Speed;0.0;LEMO-ECP001-METER001
01/01/2023;Monthly;Wind Speed;6.132;ANPA-ECP001-METER001
01/01/2023;Monthly;Wind Speed;6.612;BVER-ECP001-METER001
01/01/2023;Monthly;Wind Speed;7.0635;CHPI-ECP001-METER001
01/01/2023;Monthly;Wind Speed;8.911;FIEN-ECP001-METER001
01/01/2023;Monthly;Wind Speed;6.2496;JAVI-ECP001-METER001
01/01/2023;Monthly;Wind Speed;0.0;JONC-ECP001-METER001
01/01/2023;Monthly;Wind Speed;6.304;ROUS-ECP0001-METER001
01/01/2023;Monthly;Wind Speed;6.59775;VARA-ECP001-METER001
01/01/2023;Monthly;Wind Speed;0.0;SALL-ECP001-METER001
01/01/2023;Monthly;Wind Speed;0.0;LEMO-ECP001-METER001
01/01/2023;Monthly;Wind Speed;7.7;JON2-ECP001-METER001
01/02/2023;Monthly;Wind Speed;4.996;ANPA-ECP001-METER001
01/02/2023;Monthly;Wind Speed;4.9395;BVER-ECP001-METER001
01/02/2023;Monthly;Wind Speed;5.77136;CHPI-ECP001-METER001
01/02/2023;Monthly;Wind Speed;6.901;FIEN-ECP001-METER001
01/02/2023;Monthly;Wind Speed;5.745;JAVI-ECP001-METER001
01/02/2023;Monthly;Wind Speed;0.0;JONC-ECP001-METER001
01/02/2023;Monthly;Wind Speed;4.8778;ROUS-ECP0001-METER001
01/02/2023;Monthly;Wind Speed;5.8045;VARA-ECP001-METER001
01/02/2023;Monthly;Wind Speed;0.0;SALL-ECP001-METER001
01/02/2023;Monthly;Wind Speed;0.0;LEMO-ECP001-METER001
01/03/2023;Monthly;Wind Speed;6.70925;ANPA-ECP001-METER001
01/03/2023;Monthly;Wind Speed;6.79375;BVER-ECP001-METER001
01/03/2023;Monthly;Wind Speed;7.04923;CHPI-ECP001-METER001
01/03/2023;Monthly;Wind Speed;9.1464;FIEN-ECP001-METER001
01/03/2023;Monthly;Wind Speed;7.1106;JAVI-ECP001-METER001
01/03/2023;Monthly;Wind Speed;6.44264;JONC-ECP001-METER001
01/03/2023;Monthly;Wind Speed;6.3244;ROUS-ECP0001-METER001
01/03/2023;Monthly;Wind Speed;7.17725;VARA-ECP001-METER001
01/03/2023;Monthly;Wind Speed;0.0;SALL-ECP001-METER001
01/03/2023;Monthly;Wind Speed;0.0;LEMO-ECP001-METER001
01/03/2023;Monthly;Wind Speed;0.0;JON2-ECP001-METER001
01/04/2023;Monthly;Wind Speed;5.8345;ANPA-ECP001-METER001
01/04/2023;Monthly;Wind Speed;5.863;BVER-ECP001-METER001
01/04/2023;Monthly;Wind Speed;5.88468;CHPI-ECP001-METER001
01/04/2023;Monthly;Wind Speed;6.9294;FIEN-ECP001-METER001
01/04/2023;Monthly;Wind Speed;6.1116;JAVI-ECP001-METER001
01/04/2023;Monthly;Wind Speed;6.14;JONC-ECP001-METER001
01/04/2023;Monthly;Wind Speed;5.3792;ROUS-ECP0001-METER001
01/04/2023;Monthly;Wind Speed;6.27425;VARA-ECP001-METER001
01/04/2023;Monthly;Wind Speed;0.0;LEMO-ECP001-METER001
01/04/2023;Monthly;Wind Speed;0.0;SALL-ECP001-METER001
01/04/2023;Monthly;Wind Speed;7.5;JON2-ECP001-METER001
01/05/2023;Monthly;Wind Speed;5.98475;ANPA-ECP001-METER001
01/05/2023;Monthly;Wind Speed;5.54975;BVER-ECP001-METER001
01/05/2023;Monthly;Wind Speed;5.87382;CHPI-ECP001-METER001
01/05/2023;Monthly;Wind Speed;6.6534;FIEN-ECP001-METER001
01/05/2023;Monthly;Wind Speed;6.1368;JAVI-ECP001-METER001
01/05/2023;Monthly;Wind Speed;5.77243;JONC-ECP001-METER001
01/05/2023;Monthly;Wind Speed;5.0752;ROUS-ECP0001-METER001
01/05/2023;Monthly;Wind Speed;6.421;VARA-ECP001-METER001
01/05/2023;Monthly;Wind Speed;0.0;LEMO-ECP001-METER001
01/05/2023;Monthly;Wind Speed;0.0;SALL-ECP001-METER001
01/06/2023;Monthly;Wind Speed;4.5785;ANPA-ECP001-METER001
01/06/2023;Monthly;Wind Speed;5.04375;BVER-ECP001-METER001
01/06/2023;Monthly;Wind Speed;5.13809;CHPI-ECP001-METER001
01/06/2023;Monthly;Wind Speed;6.6432;FIEN-ECP001-METER001
01/06/2023;Monthly;Wind Speed;4.7038;JAVI-ECP001-METER001
01/06/2023;Monthly;Wind Speed;4.9395;JONC-ECP001-METER001
01/06/2023;Monthly;Wind Speed;3.8856;ROUS-ECP0001-METER001
01/06/2023;Monthly;Wind Speed;4.90725;VARA-ECP001-METER001
01/07/2023;Monthly;Wind Speed;5.29175;ANPA-ECP001-METER001
01/07/2023;Monthly;Wind Speed;5.43675;BVER-ECP001-METER001
01/07/2023;Monthly;Wind Speed;5.51914;CHPI-ECP001-METER001
01/07/2023;Monthly;Wind Speed;7.9136;FIEN-ECP001-METER001
01/07/2023;Monthly;Wind Speed;5.5358;JAVI-ECP001-METER001
01/07/2023;Monthly;Wind Speed;5.29721;JONC-ECP001-METER001
01/07/2023;Monthly;Wind Speed;4.4202;ROUS-ECP0001-METER001
01/07/2023;Monthly;Wind Speed;5.467;VARA-ECP001-METER001
01/01/2022;Monthly;Wind Theoretical Production;2192977.658;BVER-ECP001-METER001
01/01/2022;Monthly;Wind Theoretical Production;10904461.951;CHPI-ECP001-METER001
01/01/2022;Monthly;Wind Theoretical Production;2270737.049;FIEN-ECP001-METER001
01/01/2022;Monthly;Wind Theoretical Production;3219519.376;JAVI-ECP001-METER001
01/01/2022;Monthly;Wind Theoretical Production;2987701.658;JONC-ECP001-METER001
01/01/2022;Monthly;Wind Theoretical Production;3180605.007;ROUS-ECP0001-METER001
01/01/2022;Monthly;Wind Theoretical Production;1910399.124;VARA-ECP001-METER001
01/02/2022;Monthly;Wind Theoretical Production;3004809.316;BVER-ECP001-METER001
01/02/2022;Monthly;Wind Theoretical Production;24225864.487;CHPI-ECP001-METER001
01/02/2022;Monthly;Wind Theoretical Production;4630072.357;FIEN-ECP001-METER001
01/02/2022;Monthly;Wind Theoretical Production;3718701.653;JAVI-ECP001-METER001
01/02/2022;Monthly;Wind Theoretical Production;3627318.041;JONC-ECP001-METER001
01/02/2022;Monthly;Wind Theoretical Production;3602837.723;ROUS-ECP0001-METER001
01/02/2022;Monthly;Wind Theoretical Production;2517284.107;VARA-ECP001-METER001
01/03/2022;Monthly;Wind Theoretical Production;1637228.345;BVER-ECP001-METER001
01/03/2022;Monthly;Wind Theoretical Production;16842721.427;CHPI-ECP001-METER001
01/03/2022;Monthly;Wind Theoretical Production;1983330.944;FIEN-ECP001-METER001
01/03/2022;Monthly;Wind Theoretical Production;3499665.613;JAVI-ECP001-METER001
01/03/2022;Monthly;Wind Theoretical Production;2620562.459;JONC-ECP001-METER001
01/03/2022;Monthly;Wind Theoretical Production;4322806.309;ROUS-ECP0001-METER001
01/03/2022;Monthly;Wind Theoretical Production;2851440.613;VARA-ECP001-METER001
01/04/2022;Monthly;Wind Theoretical Production;2064602.75;BVER-ECP001-METER001
01/04/2022;Monthly;Wind Theoretical Production;18226813.149;CHPI-ECP001-METER001
01/04/2022;Monthly;Wind Theoretical Production;2374617.567;FIEN-ECP001-METER001
01/04/2022;Monthly;Wind Theoretical Production;3096156.592;JAVI-ECP001-METER001
01/04/2022;Monthly;Wind Theoretical Production;2331824.114;JONC-ECP001-METER001
01/04/2022;Monthly;Wind Theoretical Production;2994309.123;ROUS-ECP0001-METER001
01/04/2022;Monthly;Wind Theoretical Production;2340682.089;VARA-ECP001-METER001
01/05/2022;Monthly;Wind Theoretical Production;1553735.515;BVER-ECP001-METER001
01/05/2022;Monthly;Wind Theoretical Production;8803979.553;CHPI-ECP001-METER001
01/05/2022;Monthly;Wind Theoretical Production;1840669.985;FIEN-ECP001-METER001
01/05/2022;Monthly;Wind Theoretical Production;2190753.943;JAVI-ECP001-METER001
01/05/2022;Monthly;Wind Theoretical Production;1727279.845;JONC-ECP001-METER001
01/05/2022;Monthly;Wind Theoretical Production;2209746.803;ROUS-ECP0001-METER001
01/05/2022;Monthly;Wind Theoretical Production;1719228.788;VARA-ECP001-METER001
01/06/2022;Monthly;Wind Theoretical Production;1577075.041;BVER-ECP001-METER001
01/06/2022;Monthly;Wind Theoretical Production;6574395.211;CHPI-ECP001-METER001
01/06/2022;Monthly;Wind Theoretical Production;1877742.604;FIEN-ECP001-METER001
01/06/2022;Monthly;Wind Theoretical Production;1978287.953;JAVI-ECP001-METER001
01/06/2022;Monthly;Wind Theoretical Production;1772212.852;JONC-ECP001-METER001
01/06/2022;Monthly;Wind Theoretical Production;1850729.513;ROUS-ECP0001-METER001
01/06/2022;Monthly;Wind Theoretical Production;1463236.098;VARA-ECP001-METER001
01/07/2022;Monthly;Wind Theoretical Production;1273554.969;BVER-ECP001-METER001
01/07/2022;Monthly;Wind Theoretical Production;7180800.528;CHPI-ECP001-METER001
01/07/2022;Monthly;Wind Theoretical Production;1387022.3;FIEN-ECP001-METER001
01/07/2022;Monthly;Wind Theoretical Production;2575071.171;JAVI-ECP001-METER001
01/07/2022;Monthly;Wind Theoretical Production;1820576.978;JONC-ECP001-METER001
01/07/2022;Monthly;Wind Theoretical Production;2248870.052;ROUS-ECP0001-METER001
01/07/2022;Monthly;Wind Theoretical Production;2010911.686;VARA-ECP001-METER001
01/08/2022;Monthly;Wind Theoretical Production;1453219.497;BVER-ECP001-METER001
01/08/2022;Monthly;Wind Theoretical Production;9557108.981;CHPI-ECP001-METER001
01/08/2022;Monthly;Wind Theoretical Production;1360019.706;FIEN-ECP001-METER001
01/08/2022;Monthly;Wind Theoretical Production;2355394.239;JAVI-ECP001-METER001
01/08/2022;Monthly;Wind Theoretical Production;1407949.133;JONC-ECP001-METER001
01/08/2022;Monthly;Wind Theoretical Production;2164459.273;ROUS-ECP0001-METER001
01/08/2022;Monthly;Wind Theoretical Production;1916161.615;VARA-ECP001-METER001
01/09/2022;Monthly;Wind Theoretical Production;1720029.439;BVER-ECP001-METER001
01/09/2022;Monthly;Wind Theoretical Production;9016519.103;CHPI-ECP001-METER001
01/09/2022;Monthly;Wind Theoretical Production;1378678.829;FIEN-ECP001-METER001
01/09/2022;Monthly;Wind Theoretical Production;2828543.585;JAVI-ECP001-METER001
01/09/2022;Monthly;Wind Theoretical Production;1834343.049;JONC-ECP001-METER001
01/09/2022;Monthly;Wind Theoretical Production;2809941.683;ROUS-ECP0001-METER001
01/09/2022;Monthly;Wind Theoretical Production;2092656.198;VARA-ECP001-METER001
01/10/2022;Monthly;Wind Theoretical Production;2200549.96;BVER-ECP001-METER001
01/10/2022;Monthly;Wind Theoretical Production;13907586.721;CHPI-ECP001-METER001
01/10/2022;Monthly;Wind Theoretical Production;2944265.843;FIEN-ECP001-METER001
01/10/2022;Monthly;Wind Theoretical Production;4361550.288;JAVI-ECP001-METER001
01/10/2022;Monthly;Wind Theoretical Production;1008630.221;JONC-ECP001-METER001
01/10/2022;Monthly;Wind Theoretical Production;4976334.847;ROUS-ECP0001-METER001
01/10/2022;Monthly;Wind Theoretical Production;2626440.69;VARA-ECP001-METER001
01/11/2022;Monthly;Wind Theoretical Production;2810844.013;BVER-ECP001-METER001
01/11/2022;Monthly;Wind Theoretical Production;17366489.925;CHPI-ECP001-METER001
01/11/2022;Monthly;Wind Theoretical Production;3863595.109;FIEN-ECP001-METER001
01/11/2022;Monthly;Wind Theoretical Production;4596268.634;JAVI-ECP001-METER001
01/11/2022;Monthly;Wind Theoretical Production;1788569.727;JONC-ECP001-METER001
01/11/2022;Monthly;Wind Theoretical Production;4688879.652;ROUS-ECP0001-METER001
01/11/2022;Monthly;Wind Theoretical Production;2593296.791;VARA-ECP001-METER001
01/12/2022;Monthly;Wind Theoretical Production;2611102.548;BVER-ECP001-METER001
01/12/2022;Monthly;Wind Theoretical Production;18261145.321;CHPI-ECP001-METER001
01/12/2022;Monthly;Wind Theoretical Production;3060970.146;FIEN-ECP001-METER001
01/12/2022;Monthly;Wind Theoretical Production;4998114.005;JAVI-ECP001-METER001
01/12/2022;Monthly;Wind Theoretical Production;710579.484;JONC-ECP001-METER001
01/12/2022;Monthly;Wind Theoretical Production;4942419.389;ROUS-ECP0001-METER001
01/12/2022;Monthly;Wind Theoretical Production;3223671.509;VARA-ECP001-METER001
01/01/2023;Monthly;Wind Theoretical Production;3548372.109;ANPA-ECP001-METER001
01/01/2023;Monthly;Wind Theoretical Production;2736088.73;BVER-ECP001-METER001
01/01/2023;Monthly;Wind Theoretical Production;22441630.24;CHPI-ECP001-METER001
01/01/2023;Monthly;Wind Theoretical Production;4033402.767;FIEN-ECP001-METER001
01/01/2023;Monthly;Wind Theoretical Production;4972599.742;JAVI-ECP001-METER001
01/01/2023;Monthly;Wind Theoretical Production;2805157.188;JONC-ECP001-METER001
01/01/2023;Monthly;Wind Theoretical Production;4801284.343;ROUS-ECP0001-METER001
01/01/2023;Monthly;Wind Theoretical Production;2879226.757;VARA-ECP001-METER001
01/02/2023;Monthly;Wind Theoretical Production;2094025.402;ANPA-ECP001-METER001
01/02/2023;Monthly;Wind Theoretical Production;1188827.68;BVER-ECP001-METER001
01/02/2023;Monthly;Wind Theoretical Production;13355801.153;CHPI-ECP001-METER001
01/02/2023;Monthly;Wind Theoretical Production;2280069.546;FIEN-ECP001-METER001
01/02/2023;Monthly;Wind Theoretical Production;2706984.171;JAVI-ECP001-METER001
01/02/2023;Monthly;Wind Theoretical Production;1364614.356;JONC-ECP001-METER001
01/02/2023;Monthly;Wind Theoretical Production;2783207.259;ROUS-ECP0001-METER001
01/02/2023;Monthly;Wind Theoretical Production;2000016.51;VARA-ECP001-METER001
01/03/2023;Monthly;Wind Theoretical Production;3656129.24;ANPA-ECP001-METER001
01/03/2023;Monthly;Wind Theoretical Production;2874095.816;BVER-ECP001-METER001
01/03/2023;Monthly;Wind Theoretical Production;21789931.169;CHPI-ECP001-METER001
01/03/2023;Monthly;Wind Theoretical Production;4004798.435;FIEN-ECP001-METER001
01/03/2023;Monthly;Wind Theoretical Production;4660772.984;JAVI-ECP001-METER001
01/03/2023;Monthly;Wind Theoretical Production;2761952.497;JONC-ECP001-METER001
01/03/2023;Monthly;Wind Theoretical Production;5138836.845;ROUS-ECP0001-METER001
01/03/2023;Monthly;Wind Theoretical Production;2971727.114;VARA-ECP001-METER001
01/04/2023;Monthly;Wind Theoretical Production;3191895.975;ANPA-ECP001-METER001
01/04/2023;Monthly;Wind Theoretical Production;2094844.506;BVER-ECP001-METER001
01/04/2023;Monthly;Wind Theoretical Production;14037697.652;CHPI-ECP001-METER001
01/04/2023;Monthly;Wind Theoretical Production;2150035.854;FIEN-ECP001-METER001
01/04/2023;Monthly;Wind Theoretical Production;3502425.654;JAVI-ECP001-METER001
01/04/2023;Monthly;Wind Theoretical Production;2413772.332;JONC-ECP001-METER001
01/04/2023;Monthly;Wind Theoretical Production;3386656.734;ROUS-ECP0001-METER001
01/04/2023;Monthly;Wind Theoretical Production;2586617.465;VARA-ECP001-METER001
01/05/2023;Monthly;Wind Theoretical Production;3513753.556;ANPA-ECP001-METER001
01/05/2023;Monthly;Wind Theoretical Production;1743428.781;BVER-ECP001-METER001
01/05/2023;Monthly;Wind Theoretical Production;14143996.626;CHPI-ECP001-METER001
01/05/2023;Monthly;Wind Theoretical Production;1922919.813;FIEN-ECP001-METER001
01/05/2023;Monthly;Wind Theoretical Production;3568501.228;JAVI-ECP001-METER001
01/05/2023;Monthly;Wind Theoretical Production;1902278.522;JONC-ECP001-METER001
01/05/2023;Monthly;Wind Theoretical Production;3174790.675;ROUS-ECP0001-METER001
01/05/2023;Monthly;Wind Theoretical Production;2817095.719;VARA-ECP001-METER001
01/06/2023;Monthly;Wind Theoretical Production;1797364.788;ANPA-ECP001-METER001
01/06/2023;Monthly;Wind Theoretical Production;1381854.309;BVER-ECP001-METER001
01/06/2023;Monthly;Wind Theoretical Production;9776389.481;CHPI-ECP001-METER001
01/06/2023;Monthly;Wind Theoretical Production;1968107.736;FIEN-ECP001-METER001
01/06/2023;Monthly;Wind Theoretical Production;1584127.369;JAVI-ECP001-METER001
01/06/2023;Monthly;Wind Theoretical Production;1406272.552;JONC-ECP001-METER001
01/06/2023;Monthly;Wind Theoretical Production;1655737.075;ROUS-ECP0001-METER001
01/06/2023;Monthly;Wind Theoretical Production;1428048.85;VARA-ECP001-METER001
01/07/2023;Monthly;Wind Theoretical Production;2643384.063;ANPA-ECP001-METER001
01/07/2023;Monthly;Wind Theoretical Production;1734672.079;BVER-ECP001-METER001
01/07/2023;Monthly;Wind Theoretical Production;12222385.956;CHPI-ECP001-METER001
01/07/2023;Monthly;Wind Theoretical Production;3145744.943;FIEN-ECP001-METER001
01/07/2023;Monthly;Wind Theoretical Production;2755169.632;JAVI-ECP001-METER001
01/07/2023;Monthly;Wind Theoretical Production;1462873.226;JONC-ECP001-METER001
01/07/2023;Monthly;Wind Theoretical Production;2316892.785;ROUS-ECP0001-METER001
01/07/2023;Monthly;Wind Theoretical Production;1892952.257;VARA-ECP001-METER001
